driverId,number,nationality,driver_is_active,full_name,age,driver_avg_point,driver_avg_speed,race_end_bf_2015,race_end_in_2015,race_end_in_2016,race_end_in_2017,race_end_in_2018,race_end_in_2019,race_end_in_2020,race_end_in_2021,race_end_in_2022,race_end_in_2023,driver_most_won_circuit_id,driver_nber_of_races_won,driver_nber_of_times_in_top_10
1,44,British,1,Lewis Hamilton,39,14.100931677018634,201.8786211180124,117,18,19,19,20,21,16,21,19,12,9,103,283
2,\N,German,0,Nick Heidfeld,47,1.4076086956521738,128.63679891304346,66,0,0,0,0,0,0,0,0,0,0,0,101
3,6,German,0,Nico Rosberg,39,7.740291262135922,192.51210194174757,108,17,20,0,0,0,0,0,0,0,6,23,144
4,14,Spanish,1,Fernando Alonso,43,5.954054054054054,179.04286486486487,183,3,8,3,5,0,0,11,12,12,3,32,250
5,\N,Finnish,0,Heikki Kovalainen,43,0.9375,192.93599999999998,39,0,0,0,0,0,0,0,0,0,11,1,36
6,\N,Japanese,0,Kazuki Nakajima,39,0.25,195.96641666666667,15,0,0,0,0,0,0,0,0,0,0,0,9
7,\N,French,0,Sébastien Bourdais,45,0.2222222222222222,184.32337037037033,11,0,0,0,0,0,0,0,0,0,0,0,7
8,7,Finnish,0,Kimi Räikkönen,45,5.3210227272727275,169.72786363636362,141,13,17,16,17,6,6,5,0,0,13,21,232
9,88,Polish,0,Robert Kubica,40,2.7676767676767677,201.58934343434342,53,0,0,0,0,2,0,1,0,0,7,1,53
10,\N,German,0,Timo Glock,42,0.5368421052631579,185.78356842105262,24,0,0,0,0,0,0,0,0,0,0,0,22
11,\N,Japanese,0,Takuma Sato,47,0.4835164835164835,158.82580219780218,13,0,0,0,0,0,0,0,0,0,0,0,23
12,\N,Brazilian,0,Nelson Piquet Jr.,39,0.6785714285714286,191.64239285714285,11,0,0,0,0,0,0,0,0,0,0,0,7
13,19,Brazilian,0,Felipe Massa,43,4.306273062730627,184.6129852398524,137,13,10,7,0,0,0,0,0,0,5,11,187
14,\N,British,0,David Coulthard,53,2.165991902834008,68.2158947368421,120,0,0,0,0,0,0,0,0,0,1,13,147
15,\N,Italian,0,Jarno Trulli,50,0.962890625,107.095109375,80,0,0,0,0,0,0,0,0,0,6,1,107
16,99,German,0,Adrian Sutil,41,0.96875,186.8542109375,36,0,0,0,0,0,0,0,0,0,0,0,30
17,\N,Australian,0,Mark Webber,48,4.8271889400921655,164.3446866359447,121,0,0,0,0,0,0,0,0,0,6,9,133
18,22,British,0,Jenson Button,44,3.9967637540453076,151.38431067961164,151,5,5,0,0,0,0,0,0,0,1,15,181
19,\N,British,0,Anthony Davidson,45,0.0,167.87433333333334,1,0,0,0,0,0,0,0,0,0,0,0,0
20,5,German,0,Sebastian Vettel,37,10.326666666666666,197.16771666666668,110,17,17,18,20,16,9,6,13,0,15,53,220
21,\N,Italian,0,Giancarlo Fisichella,51,1.1904761904761905,91.42351948051947,83,0,0,0,0,0,0,0,0,0,1,3,116
22,\N,Brazilian,0,Rubens Barrichello,52,2.01840490797546,89.88749079754601,145,0,0,0,0,0,0,0,0,0,14,11,173
23,\N,German,0,Ralf Schumacher,49,1.8277777777777777,71.55995555555556,87,0,0,0,0,0,0,0,0,0,2,6,107
24,\N,Italian,0,Vitantonio Liuzzi,44,0.32098765432098764,176.66441975308643,17,0,0,0,0,0,0,0,0,0,0,0,14
25,\N,Austrian,0,Alexander Wurz,50,0.6521739130434783,46.86927536231883,22,0,0,0,0,0,0,0,0,0,0,0,35
26,\N,American,0,Scott Speed,41,0.0,177.80060714285716,1,0,0,0,0,0,0,0,0,0,0,0,4
27,\N,Dutch,0,Christijan Albers,45,0.08695652173913043,189.12632608695657,0,0,0,0,0,0,0,0,0,0,0,0,2
28,\N,German,0,Markus Winkelhock,44,0.0,180.309,0,0,0,0,0,0,0,0,0,0,0,0,0
29,\N,Japanese,0,Sakon Yamamoto,42,0.0,184.33833333333334,0,0,0,0,0,0,0,0,0,0,0,0,0
30,\N,German,0,Michael Schumacher,55,5.084415584415584,74.70297077922078,219,0,0,0,0,0,0,0,0,0,8,91,227
31,\N,Colombian,0,Juan Pablo Montoya,49,3.231578947368421,93.45085263157895,53,0,0,0,0,0,0,0,0,0,14,7,58
32,\N,Austrian,0,Christian Klien,41,0.27450980392156865,180.5186666666667,10,0,0,0,0,0,0,0,0,0,0,0,15
33,\N,Portuguese,0,Tiago Monteiro,48,0.1891891891891892,198.27475675675677,1,0,0,0,0,0,0,0,0,0,0,0,5
34,\N,Japanese,0,Yuji Ide,49,0.0,198.00525000000002,0,0,0,0,0,0,0,0,0,0,0,0,0
35,\N,Canadian,0,Jacques Villeneuve,53,1.4242424242424243,41.618618181818185,55,0,0,0,0,0,0,0,0,0,9,11,88
36,\N,French,0,Franck Montagny,46,0.0,154.04114285714286,0,0,0,0,0,0,0,0,0,0,0,0,0
37,\N,Spanish,0,Pedro de la Rosa,53,0.32710280373831774,76.54090654205608,15,0,0,0,0,0,0,0,0,0,0,0,21
38,\N,Dutch,0,Robert Doornbos,43,0.0,210.05154545454545,0,0,0,0,0,0,0,0,0,0,0,0,0
39,\N,Indian,0,Narain Karthikeyan,47,0.10416666666666667,187.38868749999997,0,0,0,0,0,0,0,0,0,0,0,0,1
40,\N,Austrian,0,Patrick Friesacher,44,0.2727272727272727,196.77118181818184,0,0,0,0,0,0,0,0,0,0,0,0,1
41,\N,Brazilian,0,Ricardo Zonta,48,0.07894736842105263,28.825394736842107,6,0,0,0,0,0,0,0,0,0,0,0,12
42,\N,Brazilian,0,Antônio Pizzonia,44,0.4,89.72659999999999,3,0,0,0,0,0,0,0,0,0,0,0,8
43,\N,Brazilian,0,Cristiano da Matta,51,0.4642857142857143,81.66289285714286,2,0,0,0,0,0,0,0,0,0,0,0,11
44,\N,French,0,Olivier Panis,58,0.4810126582278481,21.16494303797468,27,0,0,0,0,0,0,0,0,0,6,1,65
45,\N,Italian,0,Giorgio Pantano,45,0.0,176.82942857142856,0,0,0,0,0,0,0,0,0,0,0,0,0
46,\N,Italian,0,Gianmaria Bruni,43,0.0,180.2193888888889,0,0,0,0,0,0,0,0,0,0,0,0,0
47,\N,Hungarian,0,Zsolt Baumgartner,43,0.05,183.5718,0,0,0,0,0,0,0,0,0,0,0,0,3
48,\N,Spanish,0,Marc Gené,50,0.1388888888888889,12.190138888888889,5,0,0,0,0,0,0,0,0,0,0,0,11
49,\N,German,0,Heinz-Harald Frentzen,57,1.0943396226415094,0.0,44,0,0,0,0,0,0,0,0,0,8,3,82
50,\N,Dutch,0,Jos Verstappen,52,0.1588785046728972,0.0,7,0,0,0,0,0,0,0,0,0,0,0,25
51,\N,British,0,Justin Wilson,46,0.0625,0.0,0,0,0,0,0,0,0,0,0,0,0,0,1
52,\N,Irish,0,Ralph Firman,49,0.07142857142857142,0.0,0,0,0,0,0,0,0,0,0,0,0,0,2
53,\N,Danish,0,Nicolas Kiesa,46,0.0,0.0,0,0,0,0,0,0,0,0,0,0,0,0,0
54,\N,Brazilian,0,Luciano Burti,49,0.0,0.0,0,0,0,0,0,0,0,0,0,0,0,0,4
55,\N,French,0,Jean Alesi,60,1.193069306930693,0.0,61,0,0,0,0,0,0,0,0,0,7,1,108
56,\N,British,0,Eddie Irvine,59,1.2993197278911566,0.0,51,0,0,0,0,0,0,0,0,0,1,4,76
57,\N,Finnish,0,Mika Häkkinen,56,2.5454545454545454,0.0,73,0,0,0,0,0,0,0,0,0,4,20,97
58,\N,Brazilian,0,Tarso Marques,48,0.0,0.0,0,0,0,0,0,0,0,0,0,0,0,0,3
59,\N,Brazilian,0,Enrique Bernoldi,46,0.0,0.0,0,0,0,0,0,0,0,0,0,0,0,0,3
60,\N,Argentine,0,Gastón Mazzacane,49,0.0,0.0,1,0,0,0,0,0,0,0,0,0,0,0,3
61,\N,Czech,0,Tomáš Enge,48,0.0,0.0,0,0,0,0,0,0,0,0,0,0,0,0,0
62,\N,Malaysian,0,Alex Yoong,48,0.0,0.0,0,0,0,0,0,0,0,0,0,0,0,0,2
63,\N,Finnish,0,Mika Salo,58,0.2972972972972973,0.0,11,0,0,0,0,0,0,0,0,0,0,0,49
64,\N,Brazilian,0,Pedro Diniz,54,0.10101010101010101,0.0,8,0,0,0,0,0,0,0,0,0,0,0,27
65,\N,British,0,Johnny Herbert,60,0.593939393939394,0.0,29,0,0,0,0,0,0,0,0,0,9,3,72
66,\N,British,0,Allan McNish,55,0.0,0.0,1,0,0,0,0,0,0,0,0,0,0,0,4
67,\N,Swiss,0,Sébastien Buemi,36,0.5272727272727272,184.41805454545448,18,0,0,0,0,0,0,0,0,0,0,0,15
68,\N,Japanese,0,Toranosuke Takagi,50,0.0,0.0,1,0,0,0,0,0,0,0,0,0,0,0,4
69,\N,Italian,0,Luca Badoer,53,0.0,7.302965517241379,1,0,0,0,0,0,0,0,0,0,0,0,14
70,\N,Italian,0,Alessandro Zanardi,58,0.022727272727272728,0.0,4,0,0,0,0,0,0,0,0,0,0,0,11
71,\N,British,0,Damon Hill,64,2.9508196721311477,0.0,57,0,0,0,0,0,0,0,0,0,13,22,70
72,\N,French,0,Stéphane Sarrazin,49,0.0,0.0,0,0,0,0,0,0,0,0,0,0,0,0,0
73,\N,Brazilian,0,Ricardo Rosset,56,0.0,0.0,0,0,0,0,0,0,0,0,0,0,0,0,4
74,\N,Argentine,0,Esteban Tuero,46,0.0,0.0,0,0,0,0,0,0,0,0,0,0,0,0,1
75,\N,Japanese,0,Shinji Nakano,53,0.06060606060606061,0.0,5,0,0,0,0,0,0,0,0,0,0,0,9
76,\N,Danish,0,Jan Magnussen,51,0.04,0.0,1,0,0,0,0,0,0,0,0,0,0,0,6
77,\N,Austrian,0,Gerhard Berger,65,1.8333333333333333,0.0,81,0,0,0,0,0,0,0,0,0,10,10,115
78,\N,Italian,0,Nicola Larini,60,0.09333333333333334,0.0,2,0,0,0,0,0,0,0,0,0,0,0,12
79,\N,Japanese,0,Ukyo Katayama,61,0.05154639175257732,0.0,1,0,0,0,0,0,0,0,0,0,0,0,17
80,\N,Italian,0,Vincenzo Sospiri,58,0.0,0.0,0,0,0,0,0,0,0,0,0,0,0,0,0
81,\N,Italian,0,Gianni Morbidelli,56,0.12142857142857143,0.0,4,0,0,0,0,0,0,0,0,0,0,0,18
82,\N,Argentine,0,Norberto Fontana,49,0.0,0.0,0,0,0,0,0,0,0,0,0,0,0,0,2
83,\N,Portuguese,0,Pedro Lamy,52,0.03125,0.0,1,0,0,0,0,0,0,0,0,0,0,0,10
84,\N,British,0,Martin Brundle,65,0.593939393939394,0.0,20,0,0,0,0,0,0,0,0,0,0,0,74
85,\N,Italian,0,Andrea Montermini,60,0.0,0.0,0,0,0,0,0,0,0,0,0,0,0,0,3
86,\N,Italian,0,Giovanni Lavaggi,66,0.0,0.0,0,0,0,0,0,0,0,0,0,0,0,0,1
87,\N,British,0,Mark Blundell,58,0.5079365079365079,0.0,7,0,0,0,0,0,0,0,0,0,0,0,25
88,\N,Japanese,0,Aguri Suzuki,64,0.09090909090909091,0.0,2,0,0,0,0,0,0,0,0,0,0,0,17
89,\N,Japanese,0,Taki Inoue,61,0.0,0.0,0,0,0,0,0,0,0,0,0,0,0,0,2
90,\N,Brazilian,0,Roberto Moreno,65,0.20270270270270271,0.0,2,0,0,0,0,0,0,0,0,0,0,0,11
91,\N,Austrian,0,Karl Wendlinger,56,0.3333333333333333,0.0,1,0,0,0,0,0,0,0,0,0,0,0,11
92,\N,Belgian,0,Bertrand Gachot,62,0.05952380952380952,0.0,2,0,0,0,0,0,0,0,0,0,0,0,8
93,\N,Italian,0,Domenico Schiattarella,57,0.0,0.0,0,0,0,0,0,0,0,0,0,0,0,0,1
94,\N,Italian,0,Pierluigi Martini,63,0.14634146341463414,0.0,1,0,0,0,0,0,0,0,0,0,0,0,38
95,\N,British,0,Nigel Mansell,71,2.5104166666666665,0.0,69,0,0,0,0,0,0,0,0,0,9,31,91
96,\N,French,0,Jean-Christophe Boullion,55,0.2727272727272727,0.0,0,0,0,0,0,0,0,0,0,0,0,0,5
97,\N,Italian,0,Massimiliano Papis,55,0.0,0.0,0,0,0,0,0,0,0,0,0,0,0,0,1
98,\N,Swiss,0,Jean-Denis Délétraz,61,0.0,0.0,0,0,0,0,0,0,0,0,0,0,0,0,0
99,\N,Italian,0,Gabriele Tarquini,62,0.01282051282051282,0.0,0,0,0,0,0,0,0,0,0,0,0,0,5
100,\N,French,0,Érik Comas,61,0.1111111111111111,0.0,2,0,0,0,0,0,0,0,0,0,0,0,25
101,\N,Australian,0,David Brabham,59,0.0,0.0,0,0,0,0,0,0,0,0,0,0,0,0,2
102,\N,Brazilian,0,Ayrton Senna,64,3.7901234567901234,0.0,85,0,0,0,0,0,0,0,0,0,6,41,107
103,\N,French,0,Éric Bernard,60,0.2127659574468085,0.0,3,0,0,0,0,0,0,0,0,0,0,0,16
104,\N,Brazilian,0,Christian Fittipaldi,53,0.27906976744186046,0.0,1,0,0,0,0,0,0,0,0,0,0,0,18
105,\N,Italian,0,Michele Alboreto,68,0.8674418604651163,0.0,33,0,0,0,0,0,0,0,0,0,7,5,78
106,\N,Monegasque,0,Olivier Beretta,55,0.0,0.0,0,0,0,0,0,0,0,0,0,0,0,0,3
107,\N,Austrian,0,Roland Ratzenberger,64,0.0,0.0,0,0,0,0,0,0,0,0,0,0,0,0,0
108,\N,French,0,Paul Belmondo,61,0.0,0.0,0,0,0,0,0,0,0,0,0,0,0,0,1
109,\N,Finnish,0,Jyrki Järvilehto,58,0.14285714285714285,0.0,2,0,0,0,0,0,0,0,0,0,0,0,22
110,\N,Italian,0,Andrea de Cesaris,65,0.2757009345794392,0.0,9,0,0,0,0,0,0,0,0,0,0,0,53
111,\N,French,0,Jean-Marc Gounon,61,0.0,0.0,0,0,0,0,0,0,0,0,0,0,0,0,2
112,\N,French,0,Philippe Alliot,70,0.06086956521739131,0.0,0,0,0,0,0,0,0,0,0,0,0,0,26
113,\N,Belgian,0,Philippe Adams,55,0.0,0.0,0,0,0,0,0,0,0,0,0,0,0,0,0
114,\N,French,0,Yannick Dalmas,63,0.0,0.0,0,0,0,0,0,0,0,0,0,0,0,0,7
115,\N,Japanese,0,Hideki Noda,55,0.0,0.0,0,0,0,0,0,0,0,0,0,0,0,0,0
116,\N,French,0,Franck Lagorce,56,0.0,0.0,0,0,0,0,0,0,0,0,0,0,0,0,0
117,\N,French,0,Alain Prost,69,3.952970297029703,0.0,119,0,0,0,0,0,0,0,0,0,36,51,139
118,\N,British,0,Derek Warwick,70,0.4382716049382716,0.0,15,0,0,0,0,0,0,0,0,0,0,0,59
119,\N,Italian,0,Riccardo Patrese,70,1.093385214007782,0.0,57,0,0,0,0,0,0,0,0,0,6,6,110
120,\N,Italian,0,Fabrizio Barbazza,61,0.1,0.0,0,0,0,0,0,0,0,0,0,0,0,0,2
121,\N,American,0,Michael Andretti,62,0.5384615384615384,0.0,0,0,0,0,0,0,0,0,0,0,0,0,5
122,\N,Italian,0,Ivan Capelli,61,0.3163265306122449,0.0,6,0,0,0,0,0,0,0,0,0,0,0,22
123,\N,Belgian,0,Thierry Boutsen,67,0.8048780487804879,0.0,24,0,0,0,0,0,0,0,0,0,7,3,80
124,\N,Italian,0,Marco Apicella,59,0.0,0.0,0,0,0,0,0,0,0,0,0,0,0,0,0
125,\N,Italian,0,Emanuele Naspetti,56,0.0,0.0,0,0,0,0,0,0,0,0,0,0,0,0,0
126,\N,Japanese,0,Toshio Suzuki,69,0.0,0.0,0,0,0,0,0,0,0,0,0,0,0,0,0
127,\N,Brazilian,0,Maurício Gugelmin,61,0.125,0.0,5,0,0,0,0,0,0,0,0,0,0,0,21
128,\N,Belgian,0,Eric van de Poele,63,0.0,0.0,0,0,0,0,0,0,0,0,0,0,0,0,2
129,\N,French,0,Olivier Grouillard,66,0.016129032258064516,0.0,0,0,0,0,0,0,0,0,0,0,0,0,6
130,\N,Swiss,0,Andrea Chiesa,60,0.0,0.0,0,0,0,0,0,0,0,0,0,0,0,0,0
131,\N,Italian,0,Stefano Modena,61,0.20987654320987653,0.0,4,0,0,0,0,0,0,0,0,0,0,0,13
132,\N,Italian,0,Giovanna Amati,65,0.0,0.0,0,0,0,0,0,0,0,0,0,0,0,0,0
133,\N,Italian,0,Alex Caffi,60,0.08,0.0,1,0,0,0,0,0,0,0,0,0,0,0,18
134,\N,Italian,0,Enrico Bertaggia,60,0.0,0.0,0,0,0,0,0,0,0,0,0,0,0,0,0
135,\N,British,0,Perry McCarthy,63,0.0,0.0,0,0,0,0,0,0,0,0,0,0,0,0,0
136,\N,Dutch,0,Jan Lammers,68,0.0,0.0,0,0,0,0,0,0,0,0,0,0,0,0,4
137,\N,Brazilian,0,Nelson Piquet,72,2.345410628019324,0.0,86,0,0,0,0,0,0,0,0,0,7,23,118
138,\N,Japanese,0,Satoru Nakajima,71,0.2,0.0,3,0,0,0,0,0,0,0,0,0,0,0,27
139,\N,Italian,0,Emanuele Pirro,62,0.075,0.0,1,0,0,0,0,0,0,0,0,0,0,0,12
140,\N,Swedish,0,Stefan Johansson,68,0.8543689320388349,0.0,14,0,0,0,0,0,0,0,0,0,0,0,39
141,\N,British,0,Julian Bailey,63,0.05,0.0,0,0,0,0,0,0,0,0,0,0,0,0,2
142,\N,Portuguese,0,Pedro Chaves,59,0.0,0.0,0,0,0,0,0,0,0,0,0,0,0,0,0
143,\N,German,0,Michael Bartels,56,0.0,0.0,0,0,0,0,0,0,0,0,0,0,0,0,0
144,\N,Japanese,0,Naoki Hattori,58,0.0,0.0,0,0,0,0,0,0,0,0,0,0,0,0,0
145,\N,Italian,0,Alessandro Nannini,65,0.8441558441558441,0.0,16,0,0,0,0,0,0,0,0,0,22,1,24
146,\N,German,0,Bernd Schneider,60,0.0,0.0,0,0,0,0,0,0,0,0,0,0,0,0,0
147,\N,Italian,0,Paolo Barilla,63,0.0,0.0,0,0,0,0,0,0,0,0,0,0,0,0,1
148,\N,Swiss,0,Gregor Foitek,59,0.0,0.0,0,0,0,0,0,0,0,0,0,0,0,0,1
149,\N,Italian,0,Claudio Langes,64,0.0,0.0,0,0,0,0,0,0,0,0,0,0,0,0,0
150,\N,Australian,0,Gary Brabham,63,0.0,0.0,0,0,0,0,0,0,0,0,0,0,0,0,0
151,\N,British,0,Martin Donnelly,60,0.0,0.0,1,0,0,0,0,0,0,0,0,0,0,0,3
152,\N,Italian,0,Bruno Giacomelli,72,0.17073170731707318,0.0,7,0,0,0,0,0,0,0,0,0,0,0,19
153,\N,Spanish,0,Jaime Alguersuari,34,0.6739130434782609,186.0965217391304,14,0,0,0,0,0,0,0,0,0,0,0,10
154,8,French,0,Romain Grosjean,38,2.160220994475138,185.2309889502762,26,8,6,6,5,5,6,0,0,0,0,0,59
155,10,Japanese,0,Kamui Kobayashi,38,1.644736842105263,177.6096315789474,31,0,0,0,0,0,0,0,0,0,0,0,28
156,\N,British,0,Jonathan Palmer,68,0.1590909090909091,0.0,0,0,0,0,0,0,0,0,0,0,0,0,30
157,\N,German,0,Christian Danner,66,0.0851063829787234,0.0,0,0,0,0,0,0,0,0,0,0,0,0,11
158,\N,American,0,Eddie Cheever,66,0.48951048951048953,0.0,14,0,0,0,0,0,0,0,0,0,0,0,44
159,\N,Spanish,0,Luis Pérez-Sala,65,0.03125,0.0,0,0,0,0,0,0,0,0,0,0,0,0,5
160,\N,Italian,0,Piercarlo Ghinzani,72,0.018018018018018018,0.0,0,0,0,0,0,0,0,0,0,0,0,0,9
161,\N,German,0,Volker Weidler,62,0.0,0.0,0,0,0,0,0,0,0,0,0,0,0,0,0
162,\N,French,0,Pierre-Henri Raphanel,63,0.0,0.0,0,0,0,0,0,0,0,0,0,0,0,0,0
163,\N,French,0,René Arnoux,76,1.103658536585366,0.0,30,0,0,0,0,0,0,0,0,0,7,7,69
164,\N,German,0,Joachim Winkelhock,64,0.0,0.0,0,0,0,0,0,0,0,0,0,0,0,0,0
165,\N,Argentine,0,Oscar Larrauri,70,0.0,0.0,0,0,0,0,0,0,0,0,0,0,0,0,0
166,\N,French,0,Philippe Streiff,69,0.2037037037037037,0.0,1,0,0,0,0,0,0,0,0,0,0,0,22
167,\N,Spanish,0,Adrián Campos,64,0.0,0.0,0,0,0,0,0,0,0,0,0,0,0,0,1
168,\N,French,0,Jean-Louis Schlesser,76,0.0,0.0,0,0,0,0,0,0,0,0,0,0,0,0,0
169,\N,French,0,Pascal Fabre,64,0.0,0.0,0,0,0,0,0,0,0,0,0,0,0,0,3
170,\N,Italian,0,Teo Fabi,69,0.323943661971831,0.0,2,0,0,0,0,0,0,0,0,0,0,0,17
171,\N,Swiss,0,Franco Forini,66,0.0,0.0,0,0,0,0,0,0,0,0,0,0,0,0,0
172,\N,French,0,Jacques Laffite,81,1.2666666666666666,0.0,44,0,0,0,0,0,0,0,0,0,7,6,82
173,\N,Italian,0,Elio de Angelis,66,1.1090909090909091,0.0,22,0,0,0,0,0,0,0,0,0,21,2,56
174,\N,British,0,Johnny Dumfries,66,0.1875,0.0,0,0,0,0,0,0,0,0,0,0,0,0,7
175,\N,French,0,Patrick Tambay,75,0.8442622950819673,0.0,23,0,0,0,0,0,0,0,0,0,10,2,52
176,\N,Swiss,0,Marc Surer,73,0.19318181818181818,0.0,3,0,0,0,0,0,0,0,0,0,0,0,39
177,\N,Finnish,0,Keke Rosberg,76,1.24609375,0.0,28,0,0,0,0,0,0,0,0,0,6,5,53
178,\N,Australian,0,Alan Jones,78,1.7606837606837606,0.0,37,0,0,0,0,0,0,0,0,0,7,12,54
179,\N,Dutch,0,Huub Rothengatter,70,0.0,0.0,0,0,0,0,0,0,0,0,0,0,0,0,5
180,\N,Canadian,0,Allen Berg,63,0.0,0.0,0,0,0,0,0,0,0,0,0,0,0,0,0
181,\N,German,0,Manfred Winkelhock,73,0.03636363636363636,0.0,0,0,0,0,0,0,0,0,0,0,0,0,9
182,\N,Austrian,0,Niki Lauda,75,2.4166666666666665,0.0,68,0,0,0,0,0,0,0,0,0,30,25,84
183,\N,French,0,François Hesnault,68,0.0,0.0,0,0,0,0,0,0,0,0,0,0,0,0,5
184,\N,Italian,0,Mauro Baldi,70,0.12195121951219512,0.0,1,0,0,0,0,0,0,0,0,0,0,0,13
185,\N,German,0,Stefan Bellof,67,0.18181818181818182,0.0,1,0,0,0,0,0,0,0,0,0,0,0,7
186,\N,British,0,Kenny Acheson,67,0.0,0.0,0,0,0,0,0,0,0,0,0,0,0,0,0
187,\N,British,0,John Watson,78,1.0974025974025974,0.0,42,0,0,0,0,0,0,0,0,0,9,5,77
188,\N,Venezuelan,0,Johnny Cecotto,68,0.043478260869565216,0.0,0,0,0,0,0,0,0,0,0,0,0,0,3
189,\N,Austrian,0,Jo Gartner,70,0.0,0.0,0,0,0,0,0,0,0,0,0,0,0,0,1
190,\N,Italian,0,Corrado Fabi,63,0.0,0.0,0,0,0,0,0,0,0,0,0,0,0,0,2
191,\N,New Zealander,0,Mike Thackwell,63,0.0,0.0,0,0,0,0,0,0,0,0,0,0,0,0,0
192,\N,Brazilian,0,Chico Serra,67,0.03125,0.0,0,0,0,0,0,0,0,0,0,0,0,0,6
193,\N,American,0,Danny Sullivan,74,0.13333333333333333,0.0,0,0,0,0,0,0,0,0,0,0,0,0,4
194,\N,Chilean,0,Eliseo Salazar,70,0.08108108108108109,0.0,0,0,0,0,0,0,0,0,0,0,0,0,4
195,\N,Colombian,0,Roberto Guerrero,66,0.0,0.0,0,0,0,0,0,0,0,0,0,0,0,0,1
196,\N,Brazilian,0,Raul Boesel,67,0.0,0.0,0,0,0,0,0,0,0,0,0,0,0,0,6
197,\N,French,0,Jean-Pierre Jarier,78,0.2202797202797203,0.0,12,0,0,0,0,0,0,0,0,0,0,0,43
198,\N,Canadian,0,Jacques Villeneuve Sr.,71,0.0,0.0,0,0,0,0,0,0,0,0,0,0,0,0,0
199,\N,Argentine,0,Carlos Reutemann,82,2.1232876712328768,0.0,64,0,0,0,0,0,0,0,0,0,36,12,86
200,\N,German,0,Jochen Mass,78,0.6228070175438597,0.0,26,0,0,0,0,0,0,0,0,0,49,1,48
201,\N,Swedish,0,Slim Borgudd,78,0.06666666666666667,0.0,0,0,0,0,0,0,0,0,0,0,0,0,4
202,\N,French,0,Didier Pironi,72,1.4027777777777777,0.0,22,0,0,0,0,0,0,0,0,0,21,3,43
203,\N,Canadian,0,Gilles Villeneuve,74,1.5735294117647058,0.0,23,0,0,0,0,0,0,0,0,0,6,6,36
204,\N,Italian,0,Riccardo Paletti,66,0.0,0.0,0,0,0,0,0,0,0,0,0,0,0,0,1
205,\N,British,0,Brian Henton,78,0.0,0.0,0,0,0,0,0,0,0,0,0,0,0,0,9
206,\N,Irish,0,Derek Daly,71,0.234375,0.0,5,0,0,0,0,0,0,0,0,0,0,0,20
207,\N,American,0,Mario Andretti,84,1.3953488372093024,0.0,36,0,0,0,0,0,0,0,0,0,45,12,55
208,\N,Spanish,0,Emilio de Villota,78,0.0,0.0,0,0,0,0,0,0,0,0,0,0,0,0,0
209,\N,British,0,Geoff Lees,73,0.0,0.0,0,0,0,0,0,0,0,0,0,0,0,0,1
210,\N,Irish,0,Tommy Byrne,66,0.0,0.0,0,0,0,0,0,0,0,0,0,0,0,0,0
211,\N,British,0,Rupert Keegan,69,0.0,0.0,0,0,0,0,0,0,0,0,0,0,0,0,5
212,\N,Mexican,0,Hector Rebaque,68,0.22413793103448276,0.0,3,0,0,0,0,0,0,0,0,0,0,0,12
213,\N,Italian,0,Beppe Gabbiani,67,0.0,0.0,0,0,0,0,0,0,0,0,0,0,0,0,0
214,\N,American,0,Kevin Cogan,68,0.0,0.0,0,0,0,0,0,0,0,0,0,0,0,0,0
215,\N,Argentine,0,Miguel Ángel Guerra,71,0.0,0.0,0,0,0,0,0,0,0,0,0,0,0,0,0
216,\N,Italian,0,Siegfried Stohr,72,0.0,0.0,0,0,0,0,0,0,0,0,0,0,0,0,2
217,\N,Argentine,0,Ricardo Zunino,75,0.0,0.0,0,0,0,0,0,0,0,0,0,0,0,0,4
218,\N,Colombian,0,Ricardo Londoño,75,0.0,0.0,0,0,0,0,0,0,0,0,0,0,0,0,0
219,\N,French,0,Jean-Pierre Jabouille,82,0.38181818181818183,0.0,4,0,0,0,0,0,0,0,0,0,41,2,7
220,\N,Italian,0,Giorgio Francia,77,0.0,0.0,0,0,0,0,0,0,0,0,0,0,0,0,0
221,\N,French,0,Patrick Depailler,80,1.4842105263157894,0.0,36,0,0,0,0,0,0,0,0,0,6,2,49
222,\N,South African,0,Jody Scheckter,74,2.256637168141593,0.0,49,0,0,0,0,0,0,0,0,0,6,10,70
223,\N,Swiss,0,Clay Regazzoni,85,1.536231884057971,0.0,50,0,0,0,0,0,0,0,0,0,14,5,74
224,\N,Brazilian,0,Emerson Fittipaldi,78,1.8859060402684564,0.0,49,0,0,0,0,0,0,0,0,0,18,14,76
225,\N,Irish,0,Dave Kennedy,71,0.0,0.0,0,0,0,0,0,0,0,0,0,0,0,0,0
226,\N,British,0,Stephen South,72,0.0,0.0,0,0,0,0,0,0,0,0,0,0,0,0,0
227,\N,British,0,Tiff Needell,73,0.0,0.0,0,0,0,0,0,0,0,0,0,0,0,0,0
228,\N,South African,0,Desiré Wilson,71,0.0,0.0,0,0,0,0,0,0,0,0,0,0,0,0,0
229,\N,Austrian,0,Harald Ertl,76,0.0,0.0,1,0,0,0,0,0,0,0,0,0,0,0,6
230,\N,Italian,0,Vittorio Brambilla,87,0.1987179487179487,0.0,10,0,0,0,0,0,0,0,0,0,70,1,25
231,\N,British,0,James Hunt,77,1.924731182795699,0.0,32,0,0,0,0,0,0,0,0,0,39,10,46
232,\N,Italian,0,Arturo Merzario,81,0.13095238095238096,0.0,4,0,0,0,0,0,0,0,0,0,0,0,10
233,\N,German,0,Hans-Joachim Stuck,73,0.35802469135802467,0.0,9,0,0,0,0,0,0,0,0,0,0,0,19
234,\N,Italian,0,Gianfranco Brancatelli,74,0.0,0.0,0,0,0,0,0,0,0,0,0,0,0,0,0
235,\N,Belgian,0,Jacky Ickx,79,1.4958677685950412,0.0,31,0,0,0,0,0,0,0,0,0,20,8,58
236,\N,French,0,Patrick Gaillard,72,0.0,0.0,0,0,0,0,0,0,0,0,0,0,0,0,0
237,\N,Brazilian,0,Alex Ribeiro,76,0.0,0.0,0,0,0,0,0,0,0,0,0,0,0,0,2
238,\N,Swedish,0,Ronnie Peterson,80,1.6747967479674797,0.0,40,0,0,0,0,0,0,0,0,0,14,10,61
239,\N,American,0,Brett Lunger,79,0.0,0.0,0,0,0,0,0,0,0,0,0,0,0,0,9
240,\N,American,0,Danny Ongais,82,0.0,0.0,0,0,0,0,0,0,0,0,0,0,0,0,1
241,\N,Italian,0,Lamberto Leoni,71,0.0,0.0,0,0,0,0,0,0,0,0,0,0,0,0,0
242,\N,British,0,Divina Galica,80,0.0,0.0,0,0,0,0,0,0,0,0,0,0,0,0,0
243,\N,German,0,Rolf Stommelen,81,0.22950819672131148,0.0,8,0,0,0,0,0,0,0,0,0,0,0,17
244,\N,Italian,0,Alberto Colombo,78,0.0,0.0,0,0,0,0,0,0,0,0,0,0,0,0,0
245,\N,British,0,Tony Trimmer,81,0.0,0.0,0,0,0,0,0,0,0,0,0,0,0,0,0
246,\N,Austrian,0,Hans Binder,76,0.0,0.0,0,0,0,0,0,0,0,0,0,0,0,0,3
247,\N,Dutch,0,Michael Bleekemolen,75,0.0,0.0,0,0,0,0,0,0,0,0,0,0,0,0,0
248,\N,Italian,0,Carlo Franchi,86,0.0,0.0,0,0,0,0,0,0,0,0,0,0,0,0,0
249,\N,American,0,Bobby Rahal,71,0.0,0.0,0,0,0,0,0,0,0,0,0,0,0,0,0
250,\N,Brazilian,0,Carlos Pace,80,0.7945205479452054,0.0,12,0,0,0,0,0,0,0,0,0,18,1,30
251,\N,South African,0,Ian Scheckter,77,0.0,0.0,0,0,0,0,0,0,0,0,0,0,0,0,3
252,\N,British,0,Tom Pryce,75,0.4523809523809524,0.0,10,0,0,0,0,0,0,0,0,0,0,0,22
253,\N,Brazilian,0,Ingo Hoffmann,71,0.0,0.0,0,0,0,0,0,0,0,0,0,0,0,0,1
254,\N,Italian,0,Renzo Zorzi,78,0.14285714285714285,0.0,0,0,0,0,0,0,0,0,0,0,0,0,2
255,\N,Swedish,0,Gunnar Nilsson,76,0.96875,0.0,7,0,0,0,0,0,0,0,0,0,40,1,10
256,\N,Australian,0,Larry Perkins,74,0.0,0.0,0,0,0,0,0,0,0,0,0,0,0,0,1
257,\N,Dutch,0,Boy Lunger,75,0.0,0.0,0,0,0,0,0,0,0,0,0,0,0,0,0
258,\N,Belgian,0,Patrick Nève,75,0.0,0.0,0,0,0,0,0,0,0,0,0,0,0,0,4
259,\N,British,0,David Purley,79,0.0,0.0,0,0,0,0,0,0,0,0,0,0,0,0,1
260,\N,Swedish,0,Conny Andersson,85,0.0,0.0,0,0,0,0,0,0,0,0,0,0,0,0,0
261,\N,Belgian,0,Bernard de Dryver,72,0.0,0.0,0,0,0,0,0,0,0,0,0,0,0,0,0
262,\N,British,0,Jackie Oliver,82,0.2549019607843137,0.0,6,0,0,0,0,0,0,0,0,0,0,0,16
263,\N,Finnish,0,Mikko Kozarowitzky,76,0.0,0.0,0,0,0,0,0,0,0,0,0,0,0,0,0
264,\N,British,0,Andy Sutcliffe,77,0.0,0.0,0,0,0,0,0,0,0,0,0,0,0,0,0
265,\N,British,0,Guy Edwards,82,0.0,0.0,0,0,0,0,0,0,0,0,0,0,0,0,2
266,\N,Australian,0,Brian McGuire,79,0.0,0.0,0,0,0,0,0,0,0,0,0,0,0,0,0
267,\N,Australian,0,Vern Schuppan,81,0.0,0.0,0,0,0,0,0,0,0,0,0,0,0,0,1
268,\N,German,0,Hans Heyer,81,0.0,0.0,0,0,0,0,0,0,0,0,0,0,0,0,0
269,\N,Belgian,0,Teddy Pilette,82,0.0,0.0,0,0,0,0,0,0,0,0,0,0,0,0,0
270,\N,British,0,Ian Ashley,77,0.0,0.0,0,0,0,0,0,0,0,0,0,0,0,0,0
271,\N,Swiss,0,Loris Kessel,74,0.0,0.0,0,0,0,0,0,0,0,0,0,0,0,0,0
272,\N,Japanese,0,Kunimitsu Takahashi,84,0.0,0.0,0,0,0,0,0,0,0,0,0,0,0,0,1
273,\N,Japanese,0,Kazuyoshi Hoshino,77,0.0,0.0,0,0,0,0,0,0,0,0,0,0,0,0,0
274,\N,Japanese,0,Noritake Takahara,73,0.0,0.0,0,0,0,0,0,0,0,0,0,0,0,0,1
275,\N,Italian,0,Lella Lombardi,83,0.029411764705882353,0.0,1,0,0,0,0,0,0,0,0,0,0,0,2
276,\N,British,0,Bob Evans,77,0.0,0.0,0,0,0,0,0,0,0,0,0,0,0,0,2
277,\N,French,0,Michel Leclère,78,0.0,0.0,0,0,0,0,0,0,0,0,0,0,0,0,1
278,\N,New Zealander,0,Chris Amon,81,0.7830188679245284,0.0,15,0,0,0,0,0,0,0,0,0,0,0,49
279,\N,Spanish,0,Emilio Zapico,80,0.0,0.0,0,0,0,0,0,0,0,0,0,0,0,0,0
280,\N,French,0,Henri Pescarolo,82,0.2033898305084746,0.0,5,0,0,0,0,0,0,0,0,0,0,0,21
281,\N,Danish,0,Jac Nelleman,80,0.0,0.0,0,0,0,0,0,0,0,0,0,0,0,0,0
282,\N,British,0,Damien Magee,79,0.0,0.0,0,0,0,0,0,0,0,0,0,0,0,0,0
283,\N,British,0,Mike Wilds,78,0.0,0.0,0,0,0,0,0,0,0,0,0,0,0,0,0
284,\N,Italian,0,Alessandro Pesenti-Rossi,82,0.0,0.0,0,0,0,0,0,0,0,0,0,0,0,0,0
285,\N,Austrian,0,Otto Stuppacher,77,0.0,0.0,0,0,0,0,0,0,0,0,0,0,0,0,0
286,\N,Australian,0,Warwick Brown,75,0.0,0.0,0,0,0,0,0,0,0,0,0,0,0,0,0
287,\N,Japanese,0,Masahiro Hasemi,79,0.0,0.0,0,0,0,0,0,0,0,0,0,0,0,0,0
288,\N,American,0,Mark Donohue,87,0.5333333333333333,0.0,2,0,0,0,0,0,0,0,0,0,0,0,7
289,\N,British,0,Graham Hill,95,1.6145251396648044,0.0,44,0,0,0,0,0,0,0,0,0,6,14,94
290,\N,Brazilian,0,Wilson Fittipaldi,81,0.07894736842105263,0.0,3,0,0,0,0,0,0,0,0,0,0,0,8
291,\N,South African,0,Guy Tunmer,76,0.0,0.0,0,0,0,0,0,0,0,0,0,0,0,0,0
292,\N,South African,0,Eddie Keizan,80,0.0,0.0,0,0,0,0,0,0,0,0,0,0,0,0,0
293,\N,South African,0,Dave Charlton,88,0.0,0.0,0,0,0,0,0,0,0,0,0,0,0,0,1
294,\N,British,0,Tony Brise,72,0.1,0.0,1,0,0,0,0,0,0,0,0,0,0,0,4
295,\N,Dutch,0,Roelof Wunderink,76,0.0,0.0,0,0,0,0,0,0,0,0,0,0,0,0,0
296,\N,French,0,François Migault,80,0.0,0.0,0,0,0,0,0,0,0,0,0,0,0,0,0
297,\N,Swedish,0,Torsten Palm,77,0.0,0.0,0,0,0,0,0,0,0,0,0,0,0,0,1
298,\N,Dutch,0,Gijs van Lennep,82,0.2222222222222222,0.0,1,0,0,0,0,0,0,0,0,0,0,0,5
299,\N,Japanese,0,Hiroshi Fushida,78,0.0,0.0,0,0,0,0,0,0,0,0,0,0,0,0,0
300,\N,New Zealander,0,John Nicholson,83,0.0,0.0,0,0,0,0,0,0,0,0,0,0,0,0,0
301,\N,British,0,Dave Morgan,80,0.0,0.0,0,0,0,0,0,0,0,0,0,0,0,0,0
302,\N,British,0,Jim Crawford,76,0.0,0.0,0,0,0,0,0,0,0,0,0,0,0,0,0
303,\N,Swiss,0,Jo Vonlanthen,82,0.0,0.0,0,0,0,0,0,0,0,0,0,0,0,0,0
304,\N,New Zealander,0,Denny Hulme,88,2.2142857142857144,0.0,43,0,0,0,0,0,0,0,0,0,6,8,75
305,\N,British,0,Mike Hailwood,84,0.5686274509803921,0.0,9,0,0,0,0,0,0,0,0,0,0,0,22
306,\N,French,0,Jean-Pierre Beltoise,87,0.8850574712643678,0.0,18,0,0,0,0,0,0,0,0,0,6,1,47
307,\N,New Zealander,0,Howden Ganley,83,0.2564102564102564,0.0,4,0,0,0,0,0,0,0,0,0,0,0,17
308,\N,British,0,Richard Robarts,80,0.0,0.0,0,0,0,0,0,0,0,0,0,0,0,0,0
309,\N,American,0,Peter Revson,85,1.967741935483871,0.0,12,0,0,0,0,0,0,0,0,0,9,2,18
310,\N,South African,0,Paddy Driver,90,0.0,0.0,0,0,0,0,0,0,0,0,0,0,0,0,0
311,\N,Danish,0,Tom Belsø,82,0.0,0.0,0,0,0,0,0,0,0,0,0,0,0,0,1
312,\N,British,0,Brian Redman,87,0.6153846153846154,0.0,2,0,0,0,0,0,0,0,0,0,0,0,6
313,\N,Liechtensteiner,0,Rikky von Opel,77,0.0,0.0,0,0,0,0,0,0,0,0,0,0,0,0,2
314,\N,Australian,0,Tim Schenken,81,0.19444444444444445,0.0,3,0,0,0,0,0,0,0,0,0,0,0,9
315,\N,French,0,Gérard Larrousse,84,0.0,0.0,0,0,0,0,0,0,0,0,0,0,0,0,0
316,\N,Finnish,0,Leo Kinnunen,81,0.0,0.0,0,0,0,0,0,0,0,0,0,0,0,0,0
317,\N,Swedish,0,Reine Wisell,83,0.5652173913043478,0.0,5,0,0,0,0,0,0,0,0,0,0,0,8
318,\N,Swedish,0,Bertil Roos,81,0.0,0.0,0,0,0,0,0,0,0,0,0,0,0,0,0
319,\N,French,0,José Dolhem,80,0.0,0.0,0,0,0,0,0,0,0,0,0,0,0,0,0
320,\N,British,0,Peter Gethin,84,0.36666666666666664,0.0,2,0,0,0,0,0,0,0,0,0,14,1,9
321,\N,British,0,Derek Bell,83,0.07142857142857142,0.0,1,0,0,0,0,0,0,0,0,0,0,0,1
322,\N,British,0,David Hobbs,85,0.0,0.0,0,0,0,0,0,0,0,0,0,0,0,0,7
323,\N,Austrian,0,Dieter Quester,85,0.0,0.0,0,0,0,0,0,0,0,0,0,0,0,0,1
324,\N,Austrian,0,Helmuth Koinigg,76,0.0,0.0,0,0,0,0,0,0,0,0,0,0,0,0,1
325,\N,Italian,0,Carlo Facetti,89,0.0,0.0,0,0,0,0,0,0,0,0,0,0,0,0,0
326,\N,Canadian,0,Eppie Wietzes,86,0.0,0.0,0,0,0,0,0,0,0,0,0,0,0,0,0
327,\N,French,0,François Cevert,80,1.8936170212765957,0.0,18,0,0,0,0,0,0,0,0,0,46,1,28
328,\N,British,0,Jackie Stewart,85,3.6,0.0,50,0,0,0,0,0,0,0,0,0,6,27,65
329,\N,British,0,Mike Beuttler,84,0.0,0.0,1,0,0,0,0,0,0,0,0,0,0,0,6
330,\N,Italian,0,Nanni Galli,84,0.0,0.0,0,0,0,0,0,0,0,0,0,0,0,0,1
331,\N,Brazilian,0,Luiz Bueno,87,0.0,0.0,0,0,0,0,0,0,0,0,0,0,0,0,0
332,\N,American,0,George Follmer,90,0.4166666666666667,0.0,1,0,0,0,0,0,0,0,0,0,0,0,4
333,\N,Italian,0,Andrea de Adamich,83,0.16666666666666666,0.0,0,0,0,0,0,0,0,0,0,0,0,0,6
334,\N,South African,0,Jackie Pretorius,90,0.0,0.0,0,0,0,0,0,0,0,0,0,0,0,0,1
335,\N,British,0,Roger Williamson,76,0.0,0.0,0,0,0,0,0,0,0,0,0,0,0,0,0
336,\N,New Zealander,0,Graham McRae,84,0.0,0.0,0,0,0,0,0,0,0,0,0,0,0,0,0
337,\N,Austrian,0,Helmut Marko,81,0.0,0.0,0,0,0,0,0,0,0,0,0,0,0,0,3
338,\N,Australian,0,David Walker,83,0.0,0.0,0,0,0,0,0,0,0,0,0,0,0,0,2
339,\N,Spanish,0,Alex Soler-Roig,92,0.0,0.0,0,0,0,0,0,0,0,0,0,0,0,0,0
340,\N,Rhodesian,0,John Love,100,0.6,0.0,1,0,0,0,0,0,0,0,0,0,0,0,5
341,\N,British,0,John Surtees,90,1.6071428571428572,0.0,26,0,0,0,0,0,0,0,0,0,14,6,58
342,\N,American,0,Skip Barber,88,0.0,0.0,0,0,0,0,0,0,0,0,0,0,0,0,0
343,\N,Canadian,0,Bill Brack,89,0.0,0.0,0,0,0,0,0,0,0,0,0,0,0,0,1
344,\N,American,0,Sam Posey,80,0.0,0.0,0,0,0,0,0,0,0,0,0,0,0,0,0
345,\N,Mexican,0,Pedro Rodríguez,84,1.3148148148148149,0.0,9,0,0,0,0,0,0,0,0,0,13,2,33
346,\N,Swiss,0,Jo Siffert,88,0.68,0.0,10,0,0,0,0,0,0,0,0,0,38,2,54
347,\N,Swedish,0,Jo Bonnier,94,0.3577981651376147,0.0,8,0,0,0,0,0,0,0,0,0,39,1,51
348,\N,French,0,François Mazet,81,0.0,0.0,0,0,0,0,0,0,0,0,0,0,0,0,0
349,\N,French,0,Max Jean,81,0.0,0.0,0,0,0,0,0,0,0,0,0,0,0,0,0
350,\N,British,0,Vic Elford,89,0.6153846153846154,0.0,0,0,0,0,0,0,0,0,0,0,0,0,7
351,\N,Swiss,0,Silvio Moser,83,0.16666666666666666,0.0,0,0,0,0,0,0,0,0,0,0,0,0,3
352,\N,Canadian,0,George Eaton,79,0.0,0.0,0,0,0,0,0,0,0,0,0,0,0,0,2
353,\N,American,0,Pete Lovely,98,0.0,0.0,0,0,0,0,0,0,0,0,0,0,0,0,3
354,\N,British,0,Chris Craft,85,0.0,0.0,0,0,0,0,0,0,0,0,0,0,0,0,0
355,\N,Canadian,0,John Cannon,91,0.0,0.0,0,0,0,0,0,0,0,0,0,0,0,0,0
356,\N,Australian,0,Jack Brabham,98,2.0232558139534884,0.0,41,0,0,0,0,0,0,0,0,0,39,14,73
357,\N,British,0,John Miles,81,0.13333333333333333,0.0,1,0,0,0,0,0,0,0,0,0,0,0,4
358,\N,Austrian,0,Jochen Rindt,82,1.7580645161290323,0.0,15,0,0,0,0,0,0,0,0,0,6,6,28
359,\N,French,0,Johnny Servoz-Gavin,82,0.75,0.0,1,0,0,0,0,0,0,0,0,0,0,0,6
360,\N,New Zealander,0,Bruce McLaren,87,1.9077669902912622,0.0,27,0,0,0,0,0,0,0,0,0,6,4,62
361,\N,British,0,Piers Courage,82,0.6896551724137931,0.0,4,0,0,0,0,0,0,0,0,0,0,0,16
362,\N,South African,0,Peter de Klerk,89,0.0,0.0,0,0,0,0,0,0,0,0,0,0,0,0,2
363,\N,Italian,0,Ignazio Giunti,83,0.75,0.0,1,0,0,0,0,0,0,0,0,0,0,0,2
364,\N,American,0,Dan Gurney,93,1.528735632183908,0.0,21,0,0,0,0,0,0,0,0,0,53,4,45
365,\N,German,0,Hubert Hahne,89,0.0,0.0,1,0,0,0,0,0,0,0,0,0,0,0,1
366,\N,American,0,Gus Hutchison,87,0.0,0.0,0,0,0,0,0,0,0,0,0,0,0,0,0
367,\N,British,0,Peter Westbury,86,0.0,0.0,0,0,0,0,0,0,0,0,0,0,0,0,0
368,\N,Rhodesian,0,Sam Tingle,103,0.0,0.0,0,0,0,0,0,0,0,0,0,0,0,0,2
369,\N,South African,0,Basil van Rooyen,85,0.0,0.0,0,0,0,0,0,0,0,0,0,0,0,0,0
370,\N,British,0,Richard Attwood,84,0.6470588235294118,0.0,2,0,0,0,0,0,0,0,0,0,0,0,8
371,\N,Canadian,0,Al Pease,103,0.0,0.0,0,0,0,0,0,0,0,0,0,0,0,0,0
372,\N,Canadian,0,John Cordts,89,0.0,0.0,0,0,0,0,0,0,0,0,0,0,0,0,0
373,\N,British,0,Jim Clark,88,3.7534246575342465,0.0,32,0,0,0,0,0,0,0,0,0,13,25,50
374,\N,British,0,Mike Spence,88,0.75,0.0,4,0,0,0,0,0,0,0,0,0,0,0,21
375,\N,Italian,0,Ludovico Scarfiotti,91,1.3076923076923077,0.0,1,0,0,0,0,0,0,0,0,0,14,1,6
376,\N,Belgian,0,Lucien Bianchi,90,0.3157894736842105,0.0,0,0,0,0,0,0,0,0,0,0,0,0,6
377,\N,French,0,Jo Schlesser,96,0.0,0.0,0,0,0,0,0,0,0,0,0,0,0,0,0
378,\N,British,0,Robin Widdows,82,0.0,0.0,0,0,0,0,0,0,0,0,0,0,0,0,0
379,\N,German,0,Kurt Ahrens,84,0.0,0.0,0,0,0,0,0,0,0,0,0,0,0,0,0
380,\N,Australian,0,Frank Gardner,94,0.0,0.0,0,0,0,0,0,0,0,0,0,0,0,0,1
381,\N,American,0,Bobby Unser,90,0.0,0.0,0,0,0,0,0,0,0,0,0,0,0,0,0
382,\N,Mexican,0,Moisés Solana,89,0.0,0.0,0,0,0,0,0,0,0,0,0,0,0,0,2
383,\N,British,0,Bob Anderson,93,0.3076923076923077,0.0,0,0,0,0,0,0,0,0,0,0,0,0,11
384,\N,South African,0,Luki Botha,94,0.0,0.0,0,0,0,0,0,0,0,0,0,0,0,0,1
385,\N,Italian,0,Lorenzo Bandini,89,1.3181818181818181,0.0,9,0,0,0,0,0,0,0,0,0,57,1,27
386,\N,American,0,Richie Ginther,94,1.9814814814814814,0.0,17,0,0,0,0,0,0,0,0,0,32,1,37
387,\N,British,0,Mike Parkes,93,2.0,0.0,2,0,0,0,0,0,0,0,0,0,0,0,3
388,\N,British,0,Chris Irwin,82,0.2,0.0,0,0,0,0,0,0,0,0,0,0,0,0,5
389,\N,French,0,Guy Ligier,94,0.07692307692307693,0.0,0,0,0,0,0,0,0,0,0,0,0,0,9
390,\N,British,0,Alan Rees,86,0.0,0.0,1,0,0,0,0,0,0,0,0,0,0,0,2
391,\N,British,0,Brian Hart,88,0.0,0.0,0,0,0,0,0,0,0,0,0,0,0,0,0
392,\N,American,0,Mike Fisher,81,0.0,0.0,0,0,0,0,0,0,0,0,0,0,0,0,0
393,\N,American,0,Tom Jones,81,0.0,0.0,0,0,0,0,0,0,0,0,0,0,0,0,0
394,\N,Italian,0,Giancarlo Baghetti,90,0.5384615384615384,0.0,3,0,0,0,0,0,0,0,0,0,55,1,10
395,\N,British,0,Jonathan Williams,82,0.0,0.0,0,0,0,0,0,0,0,0,0,0,0,0,1
396,\N,American,0,Bob Bondurant,91,0.3333333333333333,0.0,0,0,0,0,0,0,0,0,0,0,0,0,4
397,\N,British,0,Peter Arundell,91,0.8,0.0,1,0,0,0,0,0,0,0,0,0,0,0,8
398,\N,British,0,Vic Wilson,93,0.0,0.0,0,0,0,0,0,0,0,0,0,0,0,0,0
399,\N,British,0,John Taylor,91,0.2,0.0,0,0,0,0,0,0,0,0,0,0,0,0,3
400,\N,British,0,Chris Lawrence,91,0.0,0.0,0,0,0,0,0,0,0,0,0,0,0,0,0
401,\N,British,0,Trevor Taylor,88,0.27586206896551724,0.0,1,0,0,0,0,0,0,0,0,0,0,0,9
402,\N,Italian,0,Giacomo Russo,87,0.0,0.0,0,0,0,0,0,0,0,0,0,0,0,0,1
403,\N,American,0,Phil Hill,97,1.8846153846153846,0.0,17,0,0,0,0,0,0,0,0,0,14,3,30
404,\N,British,0,Innes Ireland,94,0.8545454545454545,0.0,5,0,0,0,0,0,0,0,0,0,46,1,26
405,\N,American,0,Ronnie Bucknum,88,0.18181818181818182,0.0,0,0,0,0,0,0,0,0,0,0,0,0,3
406,\N,Australian,0,Paul Hawkins,87,0.0,0.0,0,0,0,0,0,0,0,0,0,0,0,0,2
407,\N,British,0,David Prophet,87,0.0,0.0,0,0,0,0,0,0,0,0,0,0,0,0,0
408,\N,South African,0,Tony Maggs,87,0.9629629629629629,0.0,3,0,0,0,0,0,0,0,0,0,0,0,15
409,\N,South African,0,Trevor Blokdyk,89,0.0,0.0,0,0,0,0,0,0,0,0,0,0,0,0,0
410,\N,South African,0,Neville Lederle,86,0.3333333333333333,0.0,0,0,0,0,0,0,0,0,0,0,0,0,1
411,\N,South African,0,Doug Serrurier,104,0.0,0.0,0,0,0,0,0,0,0,0,0,0,0,0,0
412,\N,South African,0,Brausch Niemann,85,0.0,0.0,0,0,0,0,0,0,0,0,0,0,0,0,0
413,\N,South African,0,Ernie Pieterse,86,0.0,0.0,0,0,0,0,0,0,0,0,0,0,0,0,1
414,\N,Rhodesian,0,Clive Puzey,83,0.0,0.0,0,0,0,0,0,0,0,0,0,0,0,0,0
415,\N,South African,0,Ray Reed,92,0.0,0.0,0,0,0,0,0,0,0,0,0,0,0,0,0
416,\N,South African,0,David Clapham,93,0.0,0.0,0,0,0,0,0,0,0,0,0,0,0,0,0
417,\N,South African,0,Alex Blignaut,92,0.0,0.0,0,0,0,0,0,0,0,0,0,0,0,0,0
418,\N,American,0,Masten Gregory,92,0.45652173913043476,0.0,2,0,0,0,0,0,0,0,0,0,0,0,15
419,\N,British,0,John Rhodes,97,0.0,0.0,0,0,0,0,0,0,0,0,0,0,0,0,0
420,\N,British,0,Ian Raby,103,0.0,0.0,0,0,0,0,0,0,0,0,0,0,0,0,0
421,\N,British,0,Alan Rollinson,81,0.0,0.0,0,0,0,0,0,0,0,0,0,0,0,0,0
422,\N,British,0,Brian Gubby,90,0.0,0.0,0,0,0,0,0,0,0,0,0,0,0,0,0
423,\N,German,0,Gerhard Mitter,89,0.6,0.0,1,0,0,0,0,0,0,0,0,0,0,0,2
424,\N,Italian,0,Roberto Bussinello,97,0.0,0.0,0,0,0,0,0,0,0,0,0,0,0,0,0
425,\N,Italian,0,Nino Vaccarella,91,0.0,0.0,0,0,0,0,0,0,0,0,0,0,0,0,1
426,\N,Italian,0,Giorgio Bassi,90,0.0,0.0,0,0,0,0,0,0,0,0,0,0,0,0,0
427,\N,French,0,Maurice Trintignant,107,0.8313793103448276,0.0,8,0,0,0,0,0,0,0,0,0,6,2,43
428,\N,French,0,Bernard Collomb,94,0.0,0.0,0,0,0,0,0,0,0,0,0,0,0,0,1
429,\N,Belgian,0,André Pilette,106,0.13333333333333333,0.0,0,0,0,0,0,0,0,0,0,0,0,0,5
430,\N,Dutch,0,Carel Godin de Beaufort,90,0.12903225806451613,0.0,1,0,0,0,0,0,0,0,0,0,0,0,14
431,\N,German,0,Edgar Barth,107,0.0,0.0,1,0,0,0,0,0,0,0,0,0,0,0,2
432,\N,Portuguese,0,Mário de Araújo Cabral,90,0.0,0.0,0,0,0,0,0,0,0,0,0,0,0,0,2
433,\N,American,0,Walt Hansgen,105,0.5,0.0,0,0,0,0,0,0,0,0,0,0,0,0,1
434,\N,American,0,Hap Sharp,96,0.0,0.0,0,0,0,0,0,0,0,0,0,0,0,0,3
435,\N,Belgian,0,Willy Mairesse,96,0.5833333333333334,0.0,1,0,0,0,0,0,0,0,0,0,0,0,4
436,\N,British,0,John Campbell-Jones,94,0.0,0.0,0,0,0,0,0,0,0,0,0,0,0,0,0
437,\N,British,0,Ian Burgess,94,0.0,0.0,2,0,0,0,0,0,0,0,0,0,0,0,3
438,\N,American,0,Tony Settember,98,0.0,0.0,0,0,0,0,0,0,0,0,0,0,0,0,1
439,\N,Argentine,0,Nasif Estéfano,92,0.0,0.0,0,0,0,0,0,0,0,0,0,0,0,0,0
440,\N,American,0,Jim Hall,89,0.25,0.0,0,0,0,0,0,0,0,0,0,0,0,0,7
441,\N,British,0,Tim Parnell,92,0.0,0.0,0,0,0,0,0,0,0,0,0,0,0,0,1
442,\N,German,0,Kurt Kuhnke,114,0.0,0.0,0,0,0,0,0,0,0,0,0,0,0,0,0
443,\N,Italian,0,Ernesto Brambilla,90,0.0,0.0,0,0,0,0,0,0,0,0,0,0,0,0,0
444,\N,Italian,0,Roberto Lippi,98,0.0,0.0,0,0,0,0,0,0,0,0,0,0,0,0,0
445,\N,German,0,Günther Seiffert,87,0.0,0.0,0,0,0,0,0,0,0,0,0,0,0,0,0
446,\N,Italian,0,Carlo Abate,92,0.0,0.0,0,0,0,0,0,0,0,0,0,0,0,0,0
447,\N,Italian,0,Gaetano Starrabba,92,0.0,0.0,0,0,0,0,0,0,0,0,0,0,0,0,0
448,\N,Canadian,0,Peter Broeker,98,0.0,0.0,0,0,0,0,0,0,0,0,0,0,0,0,1
449,\N,American,0,Rodger Ward,103,1.1666666666666667,0.0,3,0,0,0,0,0,0,0,0,0,19,1,4
450,\N,Dutch,0,Ernie de Vos,83,0.0,0.0,0,0,0,0,0,0,0,0,0,0,0,0,0
451,\N,American,0,Frank Dochnal,104,0.0,0.0,0,0,0,0,0,0,0,0,0,0,0,0,0
452,\N,American,0,Thomas Monarch,79,0.0,0.0,0,0,0,0,0,0,0,0,0,0,0,0,0
842,10,French,1,Pierre Gasly,28,2.9,198.92325833333334,0,0,0,0,7,9,10,13,13,9,14,1,56
453,\N,British,0,Jackie Lewis,88,0.2727272727272727,0.0,2,0,0,0,0,0,0,0,0,0,0,0,5
454,\N,Mexican,0,Ricardo Rodríguez,82,0.6666666666666666,0.0,2,0,0,0,0,0,0,0,0,0,0,0,3
455,\N,German,0,Wolfgang Seidel,98,0.0,0.0,0,0,0,0,0,0,0,0,0,0,0,0,1
456,\N,British,0,Roy Salvadori,102,0.37254901960784315,0.0,4,0,0,0,0,0,0,0,0,0,0,0,20
457,\N,Dutch,0,Ben Pon,88,0.0,0.0,0,0,0,0,0,0,0,0,0,0,0,0,0
458,\N,Dutch,0,Rob Slotemaker,95,0.0,0.0,0,0,0,0,0,0,0,0,0,0,0,0,0
459,\N,British,0,Tony Marsh,93,0.0,0.0,1,0,0,0,0,0,0,0,0,0,0,0,1
460,\N,British,0,Gerry Ashmore,88,0.0,0.0,0,0,0,0,0,0,0,0,0,0,0,0,0
461,\N,Swiss,0,Heinz Schiller,94,0.0,0.0,0,0,0,0,0,0,0,0,0,0,0,0,0
462,\N,British,0,Colin Davis,91,0.0,0.0,0,0,0,0,0,0,0,0,0,0,0,0,0
463,\N,American,0,Jay Chamberlain,99,0.0,0.0,0,0,0,0,0,0,0,0,0,0,0,0,0
464,\N,New Zealander,0,Tony Shelly,87,0.0,0.0,0,0,0,0,0,0,0,0,0,0,0,0,0
465,\N,British,0,Keith Greene,86,0.0,0.0,0,0,0,0,0,0,0,0,0,0,0,0,0
466,\N,Swiss,0,Heini Walter,97,0.0,0.0,0,0,0,0,0,0,0,0,0,0,0,0,0
467,\N,Italian,0,Ernesto Prinoth,101,0.0,0.0,0,0,0,0,0,0,0,0,0,0,0,0,0
468,\N,American,0,Roger Penske,87,0.0,0.0,0,0,0,0,0,0,0,0,0,0,0,0,2
469,\N,British,0,Rob Schroeder,98,0.0,0.0,0,0,0,0,0,0,0,0,0,0,0,0,1
470,\N,American,0,Timmy Mayer,86,0.0,0.0,0,0,0,0,0,0,0,0,0,0,0,0,0
471,\N,South African,0,Bruce Johnstone,87,0.0,0.0,0,0,0,0,0,0,0,0,0,0,0,0,1
472,\N,South African,0,Mike Harris,85,0.0,0.0,0,0,0,0,0,0,0,0,0,0,0,0,0
473,\N,Rhodesian,0,Gary Hocking,87,0.0,0.0,0,0,0,0,0,0,0,0,0,0,0,0,0
474,\N,South African,0,Syd van der Vyver,104,0.0,0.0,0,0,0,0,0,0,0,0,0,0,0,0,0
475,\N,British,0,Stirling Moss,95,2.5547945205479454,0.0,27,0,0,0,0,0,0,0,0,0,6,16,39
476,\N,German,0,Wolfgang von Trips,96,2.0,0.0,7,0,0,0,0,0,0,0,0,0,39,2,22
477,\N,British,0,Cliff Allison,92,0.6111111111111112,0.0,2,0,0,0,0,0,0,0,0,0,0,0,11
478,\N,German,0,Hans Herrmann,96,0.5,0.0,0,0,0,0,0,0,0,0,0,0,0,0,8
479,\N,British,0,Tony Brooks,92,1.829268292682927,0.0,11,0,0,0,0,0,0,0,0,0,13,6,20
480,\N,Swiss,0,Michael May,90,0.0,0.0,0,0,0,0,0,0,0,0,0,0,0,0,0
481,\N,British,0,Henry Taylor,92,0.3,0.0,0,0,0,0,0,0,0,0,0,0,0,0,4
482,\N,Belgian,0,Olivier Gendebien,100,1.0588235294117647,0.0,3,0,0,0,0,0,0,0,0,0,0,0,9
483,\N,Italian,0,Giorgio Scarlatti,103,0.06666666666666667,0.0,0,0,0,0,0,0,0,0,0,0,0,0,5
484,\N,British,0,Brian Naylor,101,0.0,0.0,0,0,0,0,0,0,0,0,0,0,0,0,0
485,\N,Argentine,0,Juan Manuel Bordeu,90,0.0,0.0,0,0,0,0,0,0,0,0,0,0,0,0,0
486,\N,British,0,Jack Fairman,111,0.38461538461538464,0.0,0,0,0,0,0,0,0,0,0,0,0,0,3
487,\N,Italian,0,Massimo Natili,89,0.0,0.0,0,0,0,0,0,0,0,0,0,0,0,0,0
488,\N,Swiss,0,Peter Monteverdi,90,0.0,0.0,0,0,0,0,0,0,0,0,0,0,0,0,0
489,\N,Italian,0,Renato Pirocchi,91,0.0,0.0,0,0,0,0,0,0,0,0,0,0,0,0,0
490,\N,British,0,Geoff Duke,101,0.0,0.0,0,0,0,0,0,0,0,0,0,0,0,0,0
491,\N,American-Italian,0,Alfonso Thiele,104,0.0,0.0,0,0,0,0,0,0,0,0,0,0,0,0,0
492,\N,Italian,0,Menato Boffa,94,0.0,0.0,0,0,0,0,0,0,0,0,0,0,0,0,0
493,\N,Canadian,0,Peter Ryan,84,0.0,0.0,0,0,0,0,0,0,0,0,0,0,0,0,1
494,\N,American,0,Lloyd Ruby,96,0.0,0.0,1,0,0,0,0,0,0,0,0,0,0,0,1
495,\N,British,0,Ken Miles,106,0.0,0.0,0,0,0,0,0,0,0,0,0,0,0,0,0
496,\N,Argentine,0,Carlos Menditeguy,110,0.75,0.0,1,0,0,0,0,0,0,0,0,0,0,0,8
497,\N,Argentine,0,Alberto Rodriguez Larreta,90,0.0,0.0,0,0,0,0,0,0,0,0,0,0,0,0,1
498,\N,Argentine,0,José Froilán González,102,2.677241379310345,0.0,12,0,0,0,0,0,0,0,0,0,9,2,20
499,\N,Argentine,0,Roberto Bonomi,105,0.0,0.0,0,0,0,0,0,0,0,0,0,0,0,0,0
500,\N,Italian,0,Gino Munaron,96,0.0,0.0,0,0,0,0,0,0,0,0,0,0,0,0,0
501,\N,American,0,Harry Schell,103,0.5,0.0,5,0,0,0,0,0,0,0,0,0,0,0,32
502,\N,British,0,Alan Stacey,91,0.0,0.0,0,0,0,0,0,0,0,0,0,0,0,0,3
503,\N,Venezuelan,0,Ettore Chimeri,103,0.0,0.0,0,0,0,0,0,0,0,0,0,0,0,0,0
504,\N,Spanish,0,Antonio Creus,100,0.0,0.0,0,0,0,0,0,0,0,0,0,0,0,0,0
505,\N,British,0,Chris Bristow,87,0.0,0.0,0,0,0,0,0,0,0,0,0,0,0,0,1
506,\N,British,0,Bruce Halford,93,0.0,0.0,0,0,0,0,0,0,0,0,0,0,0,0,3
507,\N,American,0,Chuck Daigh,101,0.0,0.0,0,0,0,0,0,0,0,0,0,0,0,0,1
508,\N,American,0,Lance Reventlow,88,0.0,0.0,0,0,0,0,0,0,0,0,0,0,0,0,0
509,\N,American,0,Jim Rathmann,96,2.4166666666666665,0.0,6,0,0,0,0,0,0,0,0,0,19,1,6
510,\N,American,0,Paul Goldsmith,99,2.0,0.0,2,0,0,0,0,0,0,0,0,0,0,0,2
511,\N,American,0,Don Branson,104,1.5,0.0,1,0,0,0,0,0,0,0,0,0,0,0,1
512,\N,American,0,Johnny Thomson,102,1.1111111111111112,0.0,3,0,0,0,0,0,0,0,0,0,0,0,3
513,\N,American,0,Eddie Johnson,105,0.1111111111111111,0.0,4,0,0,0,0,0,0,0,0,0,0,0,4
514,\N,American,0,Bob Veith,98,0.0,0.0,4,0,0,0,0,0,0,0,0,0,0,0,3
515,\N,American,0,Bud Tingelstad,96,0.0,0.0,1,0,0,0,0,0,0,0,0,0,0,0,1
516,\N,American,0,Bob Christie,100,0.0,0.0,1,0,0,0,0,0,0,0,0,0,0,0,1
517,\N,American,0,Red Amick,95,0.0,0.0,1,0,0,0,0,0,0,0,0,0,0,0,0
518,\N,American,0,Duane Carter,111,0.65,0.0,5,0,0,0,0,0,0,0,0,0,0,0,5
519,\N,American,0,Bill Homeier,106,0.3333333333333333,0.0,2,0,0,0,0,0,0,0,0,0,0,0,1
520,\N,American,0,Gene Hartley,98,0.0,0.0,2,0,0,0,0,0,0,0,0,0,0,0,2
521,\N,American,0,Chuck Stevenson,105,0.0,0.0,0,0,0,0,0,0,0,0,0,0,0,0,1
522,\N,American,0,Bobby Grim,100,0.0,0.0,0,0,0,0,0,0,0,0,0,0,0,0,0
523,\N,American,0,Shorty Templeman,105,0.0,0.0,0,0,0,0,0,0,0,0,0,0,0,0,0
524,\N,American,0,Jim Hurtubise,92,0.0,0.0,0,0,0,0,0,0,0,0,0,0,0,0,0
525,\N,American,0,Jimmy Bryan,98,2.0,0.0,4,0,0,0,0,0,0,0,0,0,19,1,4
526,\N,American,0,Troy Ruttman,94,1.0555555555555556,0.0,2,0,0,0,0,0,0,0,0,0,19,1,3
527,\N,American,0,Eddie Sachs,97,0.0,0.0,0,0,0,0,0,0,0,0,0,0,0,0,0
528,\N,American,0,Don Freeland,99,0.5,0.0,3,0,0,0,0,0,0,0,0,0,0,0,3
529,\N,American,0,Tony Bettenhausen,108,0.8461538461538461,0.0,3,0,0,0,0,0,0,0,0,0,0,0,6
530,\N,American,0,Wayne Weiler,90,0.0,0.0,0,0,0,0,0,0,0,0,0,0,0,0,0
531,\N,American,0,Anthony Foyt,89,0.0,0.0,1,0,0,0,0,0,0,0,0,0,0,0,1
532,\N,American,0,Eddie Russo,99,0.0,0.0,0,0,0,0,0,0,0,0,0,0,0,0,0
533,\N,American,0,Johnny Boyd,98,0.6666666666666666,0.0,3,0,0,0,0,0,0,0,0,0,0,0,3
534,\N,American,0,Gene Force,108,0.0,0.0,0,0,0,0,0,0,0,0,0,0,0,0,0
535,\N,American,0,Jim McWithey,97,0.0,0.0,1,0,0,0,0,0,0,0,0,0,0,0,0
536,\N,American,0,Len Sutton,99,0.0,0.0,0,0,0,0,0,0,0,0,0,0,0,0,0
537,\N,American,0,Dick Rathmann,100,0.4,0.0,1,0,0,0,0,0,0,0,0,0,0,0,1
538,\N,American,0,Al Herman,97,0.0,0.0,2,0,0,0,0,0,0,0,0,0,0,0,1
539,\N,American,0,Dempsey Wilson,97,0.0,0.0,0,0,0,0,0,0,0,0,0,0,0,0,0
540,\N,British,0,Mike Taylor,90,0.0,0.0,0,0,0,0,0,0,0,0,0,0,0,0,0
541,\N,British,0,Ron Flockhart,101,0.3333333333333333,0.0,1,0,0,0,0,0,0,0,0,0,0,0,6
542,\N,British,0,David Piper,94,0.0,0.0,0,0,0,0,0,0,0,0,0,0,0,0,0
543,\N,Italian,0,Giulio Cabianca,101,0.75,0.0,0,0,0,0,0,0,0,0,0,0,0,0,2
544,\N,Italian,0,Piero Drogo,98,0.0,0.0,0,0,0,0,0,0,0,0,0,0,0,0,1
545,\N,American,0,Fred Gamble,92,0.0,0.0,0,0,0,0,0,0,0,0,0,0,0,0,1
546,\N,British,0,Arthur Owen,109,0.0,0.0,0,0,0,0,0,0,0,0,0,0,0,0,0
547,\N,British,0,Horace Gould,106,0.1111111111111111,0.0,0,0,0,0,0,0,0,0,0,0,0,0,4
548,\N,American,0,Bob Drake,105,0.0,0.0,0,0,0,0,0,0,0,0,0,0,0,0,0
549,\N,British,0,Ivor Bueb,101,0.0,0.0,0,0,0,0,0,0,0,0,0,0,0,0,1
550,\N,Belgian,0,Alain de Changy,102,0.0,0.0,0,0,0,0,0,0,0,0,0,0,0,0,0
551,\N,Italian,0,Maria de Filippis,98,0.0,0.0,0,0,0,0,0,0,0,0,0,0,0,0,2
552,\N,French,0,Jean Lucienbonnet,101,0.0,0.0,0,0,0,0,0,0,0,0,0,0,0,0,0
553,\N,Monegasque,0,André Testut,98,0.0,0.0,0,0,0,0,0,0,0,0,0,0,0,0,0
554,\N,French,0,Jean Behra,103,0.8947368421052632,0.0,7,0,0,0,0,0,0,0,0,0,0,0,31
555,\N,American,0,Paul Russo,110,0.9444444444444444,0.0,5,0,0,0,0,0,0,0,0,0,0,0,6
556,\N,American,0,Jimmy Daywalt,100,0.0,0.0,3,0,0,0,0,0,0,0,0,0,0,0,2
557,\N,American,0,Chuck Arnold,98,0.0,0.0,1,0,0,0,0,0,0,0,0,0,0,0,0
558,\N,American,0,Al Keller,104,0.0,0.0,1,0,0,0,0,0,0,0,0,0,0,0,0
559,\N,American,0,Pat Flaherty,98,1.3333333333333333,0.0,2,0,0,0,0,0,0,0,0,0,19,1,3
560,\N,American,0,Bill Cheesbourg,97,0.0,0.0,1,0,0,0,0,0,0,0,0,0,0,0,1
561,\N,American,0,Ray Crawford,109,0.0,0.0,0,0,0,0,0,0,0,0,0,0,0,0,0
562,\N,American,0,Jack Turner,104,0.0,0.0,1,0,0,0,0,0,0,0,0,0,0,0,0
563,\N,American,0,Chuck Weyant,101,0.0,0.0,0,0,0,0,0,0,0,0,0,0,0,0,0
564,\N,American,0,Jud Larson,101,0.0,0.0,1,0,0,0,0,0,0,0,0,0,0,0,1
565,\N,American,0,Mike Magill,104,0.0,0.0,0,0,0,0,0,0,0,0,0,0,0,0,0
566,\N,American,0,Carroll Shelby,101,0.0,0.0,0,0,0,0,0,0,0,0,0,0,0,0,5
567,\N,Brazilian,0,Fritz d'Orey,86,0.0,0.0,0,0,0,0,0,0,0,0,0,0,0,0,1
568,\N,Uruguayan,0,Azdrubal Fontes,102,0.0,0.0,0,0,0,0,0,0,0,0,0,0,0,0,0
569,\N,British,0,Peter Ashdown,90,0.0,0.0,0,0,0,0,0,0,0,0,0,0,0,0,0
570,\N,British,0,Bill Moss,91,0.0,0.0,0,0,0,0,0,0,0,0,0,0,0,0,0
571,\N,British,0,Dennis Taylor,103,0.0,0.0,0,0,0,0,0,0,0,0,0,0,0,0,0
572,\N,American,0,Harry Blanchard,95,0.0,0.0,0,0,0,0,0,0,0,0,0,0,0,0,1
573,\N,Argentine-Italian,0,Alessandro de Tomaso,96,0.0,0.0,0,0,0,0,0,0,0,0,0,0,0,0,1
574,\N,American,0,George Constantine,106,0.0,0.0,0,0,0,0,0,0,0,0,0,0,0,0,0
575,\N,American,0,Bob Said,92,0.0,0.0,0,0,0,0,0,0,0,0,0,0,0,0,0
576,\N,American,0,Phil Cade,108,0.0,0.0,0,0,0,0,0,0,0,0,0,0,0,0,0
577,\N,Italian,0,Luigi Musso,100,1.6923076923076923,0.0,8,0,0,0,0,0,0,0,0,0,25,1,16
578,\N,British,0,Mike Hawthorn,95,2.6591666666666667,0.0,15,0,0,0,0,0,0,0,0,0,55,3,34
579,\N,Argentine,0,Juan Fangio,113,4.812758620689655,0.0,37,0,0,0,0,0,0,0,0,0,25,24,45
580,\N,Spanish,0,Paco Godia,103,0.42857142857142855,0.0,0,0,0,0,0,0,0,0,0,0,0,0,9
581,\N,British,0,Peter Collins,93,1.2702702702702702,0.0,9,0,0,0,0,0,0,0,0,0,9,3,17
582,\N,Australian,0,Ken Kavanagh,101,0.0,0.0,0,0,0,0,0,0,0,0,0,0,0,0,0
583,\N,Italian,0,Gerino Gerini,96,0.21428571428571427,0.0,0,0,0,0,0,0,0,0,0,0,0,0,3
584,\N,American,0,Bruce Kessler,88,0.0,0.0,0,0,0,0,0,0,0,0,0,0,0,0,0
585,\N,British,0,Paul Emery,108,0.0,0.0,0,0,0,0,0,0,0,0,0,0,0,0,0
586,\N,Italian,0,Luigi Piotti,111,0.0,0.0,0,0,0,0,0,0,0,0,0,0,0,0,3
587,\N,British,0,Bernie Ecclestone,94,0.0,0.0,0,0,0,0,0,0,0,0,0,0,0,0,0
588,\N,Italian,0,Luigi Taramazzo,92,0.0,0.0,0,0,0,0,0,0,0,0,0,0,0,0,0
589,\N,Monegasque,0,Louis Chiron,125,0.23529411764705882,0.0,0,0,0,0,0,0,0,0,0,0,0,0,7
590,\N,British,0,Stuart Lewis-Evans,94,1.1428571428571428,0.0,2,0,0,0,0,0,0,0,0,0,0,0,7
591,\N,American,0,George Amick,100,6.0,0.0,1,0,0,0,0,0,0,0,0,0,0,0,1
592,\N,American,0,Jimmy Reece,95,0.0,0.0,3,0,0,0,0,0,0,0,0,0,0,0,3
593,\N,American,0,Johnnie Parsons,106,1.2,0.0,5,0,0,0,0,0,0,0,0,0,19,1,3
594,\N,American,0,Johnnie Tolan,107,0.0,0.0,1,0,0,0,0,0,0,0,0,0,0,0,0
595,\N,American,0,Billy Garrett,91,0.0,0.0,0,0,0,0,0,0,0,0,0,0,0,0,0
596,\N,American,0,Ed Elisian,98,0.0,0.0,0,0,0,0,0,0,0,0,0,0,0,0,0
597,\N,American,0,Pat O'Connor,96,0.0,0.0,2,0,0,0,0,0,0,0,0,0,0,0,2
598,\N,American,0,Jerry Unser,92,0.0,0.0,0,0,0,0,0,0,0,0,0,0,0,0,0
599,\N,American,0,Art Bisch,98,0.0,0.0,0,0,0,0,0,0,0,0,0,0,0,0,0
600,\N,Belgian,0,Christian Goethals,96,0.0,0.0,0,0,0,0,0,0,0,0,0,0,0,0,0
601,\N,British,0,Dick Gibson,106,0.0,0.0,0,0,0,0,0,0,0,0,0,0,0,0,0
602,\N,French,0,Robert La Caze,107,0.0,0.0,0,0,0,0,0,0,0,0,0,0,0,0,0
603,\N,French,0,André Guelfi,105,0.0,0.0,0,0,0,0,0,0,0,0,0,0,0,0,0
604,\N,French,0,François Picard,103,0.0,0.0,0,0,0,0,0,0,0,0,0,0,0,0,0
605,\N,British,0,Tom Bridger,90,0.0,0.0,0,0,0,0,0,0,0,0,0,0,0,0,0
606,\N,Spanish,0,Alfonso de Portago,96,0.6666666666666666,0.0,0,0,0,0,0,0,0,0,0,0,0,0,4
607,\N,Italian,0,Cesare Perdisa,92,0.5555555555555556,0.0,1,0,0,0,0,0,0,0,0,0,0,0,8
608,\N,Italian,0,Eugenio Castellotti,94,1.1470588235294117,0.0,3,0,0,0,0,0,0,0,0,0,0,0,8
609,\N,French,0,André Simon,104,0.0,0.0,0,0,0,0,0,0,0,0,0,0,0,0,4
610,\N,British,0,Les Leston,104,0.0,0.0,0,0,0,0,0,0,0,0,0,0,0,0,0
611,\N,American,0,Sam Hanks,110,2.2222222222222223,0.0,5,0,0,0,0,0,0,0,0,0,19,1,4
612,\N,American,0,Andy Linden,102,0.45454545454545453,0.0,4,0,0,0,0,0,0,0,0,0,0,0,3
613,\N,American,0,Marshall Teague,103,0.0,0.0,1,0,0,0,0,0,0,0,0,0,0,0,1
614,\N,American,0,Don Edmunds,94,0.0,0.0,0,0,0,0,0,0,0,0,0,0,0,0,0
615,\N,American,0,Fred Agabashian,111,0.1875,0.0,2,0,0,0,0,0,0,0,0,0,0,0,2
616,\N,American,0,Elmer George,96,0.0,0.0,0,0,0,0,0,0,0,0,0,0,0,0,0
617,\N,British,0,Mike MacDowel,92,0.0,0.0,0,0,0,0,0,0,0,0,0,0,0,0,1
618,\N,American,0,Herbert MacKay-Fraser,97,0.0,0.0,0,0,0,0,0,0,0,0,0,0,0,0,0
619,\N,British,0,Bob Gerard,110,0.0,0.0,0,0,0,0,0,0,0,0,0,0,0,0,4
620,\N,Italian,0,Umberto Maglioli,96,0.333,0.0,0,0,0,0,0,0,0,0,0,0,0,0,6
621,\N,Australian,0,Paul England,95,0.0,0.0,0,0,0,0,0,0,0,0,0,0,0,0,0
622,\N,Brazilian,0,Chico Landi,117,0.25,0.0,0,0,0,0,0,0,0,0,0,0,0,0,4
623,\N,Uruguayan,0,Alberto Uria,100,0.0,0.0,0,0,0,0,0,0,0,0,0,0,0,0,1
624,\N,Brazilian,0,Hernando da Silva Ramos,99,0.25,0.0,0,0,0,0,0,0,0,0,0,0,0,0,3
625,\N,French,0,Élie Bayol,110,0.2857142857142857,0.0,0,0,0,0,0,0,0,0,0,0,0,0,2
626,\N,French,0,Robert Manzon,107,0.5517241379310345,0.0,1,0,0,0,0,0,0,0,0,0,0,0,12
627,\N,French,0,Louis Rosier,119,0.46153846153846156,0.0,1,0,0,0,0,0,0,0,0,0,0,0,27
628,\N,American,0,Bob Sweikert,98,1.6,0.0,2,0,0,0,0,0,0,0,0,0,19,1,2
629,\N,American,0,Cliff Griffith,108,0.0,0.0,1,0,0,0,0,0,0,0,0,0,0,0,2
630,\N,American,0,Duke Dinsmore,111,0.0,0.0,0,0,0,0,0,0,0,0,0,0,0,0,0
631,\N,American,0,Keith Andrews,104,0.0,0.0,0,0,0,0,0,0,0,0,0,0,0,0,0
632,\N,Belgian,0,Paul Frère,107,1.0,0.0,2,0,0,0,0,0,0,0,0,0,0,0,7
633,\N,Italian,0,Luigi Villoresi,115,1.4,0.0,6,0,0,0,0,0,0,0,0,0,0,0,20
634,\N,Italian,0,Piero Scotti,115,0.0,0.0,0,0,0,0,0,0,0,0,0,0,0,0,0
635,\N,British,0,Colin Chapman,96,0.0,0.0,0,0,0,0,0,0,0,0,0,0,0,0,0
636,\N,British,0,Desmond Titterington,96,0.0,0.0,0,0,0,0,0,0,0,0,0,0,0,0,0
637,\N,British,0,Archie Scott Brown,97,0.0,0.0,0,0,0,0,0,0,0,0,0,0,0,0,0
638,\N,Swiss,0,Ottorino Volonterio,107,0.0,0.0,0,0,0,0,0,0,0,0,0,0,0,0,1
639,\N,Belgian,0,André Milhoux,96,0.0,0.0,0,0,0,0,0,0,0,0,0,0,0,0,1
640,\N,Swiss,0,Toulo de Graffenried,110,0.391304347826087,0.0,0,0,0,0,0,0,0,0,0,0,0,0,11
641,\N,Italian,0,Piero Taruffi,118,2.2777777777777777,0.0,4,0,0,0,0,0,0,0,0,0,66,1,12
642,\N,Italian,0,Nino Farina,118,3.441351351351351,0.0,19,0,0,0,0,0,0,0,0,0,9,5,29
643,\N,Argentine,0,Roberto Mieres,100,0.7647058823529411,0.0,0,0,0,0,0,0,0,0,0,0,0,0,8
644,\N,Italian,0,Sergio Mantovani,95,0.4444444444444444,0.0,1,0,0,0,0,0,0,0,0,0,0,0,8
645,\N,Argentine,0,Clemar Bucci,104,0.0,0.0,0,0,0,0,0,0,0,0,0,0,0,0,1
646,\N,Argentine,0,Jesús Iglesias,102,0.0,0.0,0,0,0,0,0,0,0,0,0,0,0,0,1
647,\N,Italian,0,Alberto Ascari,106,3.888888888888889,0.0,17,0,0,0,0,0,0,0,0,0,9,13,22
648,\N,German,0,Karl Kling,114,1.4166666666666667,0.0,3,0,0,0,0,0,0,0,0,0,0,0,8
649,\N,Argentine,0,Pablo Birger,100,0.0,0.0,0,0,0,0,0,0,0,0,0,0,0,0,0
650,\N,French,0,Jacques Pollet,102,0.0,0.0,0,0,0,0,0,0,0,0,0,0,0,0,2
651,\N,British,0,Lance Macklin,105,0.0,0.0,0,0,0,0,0,0,0,0,0,0,0,0,3
652,\N,British,0,Ted Whiteaway,96,0.0,0.0,0,0,0,0,0,0,0,0,0,0,0,0,0
653,\N,American,0,Jimmy Davies,95,0.6666666666666666,0.0,2,0,0,0,0,0,0,0,0,0,0,0,2
654,\N,American,0,Walt Faulkner,104,0.2,0.0,1,0,0,0,0,0,0,0,0,0,0,0,2
655,\N,American,0,Cal Niday,110,0.0,0.0,1,0,0,0,0,0,0,0,0,0,0,0,1
656,\N,American,0,Art Cross,106,2.0,0.0,3,0,0,0,0,0,0,0,0,0,0,0,2
657,\N,American,0,Bill Vukovich,106,3.8,0.0,2,0,0,0,0,0,0,0,0,0,19,2,2
658,\N,American,0,Jack McGrath,105,1.5,0.0,4,0,0,0,0,0,0,0,0,0,0,0,3
659,\N,American,0,Jerry Hoyt,95,0.0,0.0,1,0,0,0,0,0,0,0,0,0,0,0,1
660,\N,Belgian,0,Johnny Claes,108,0.0,0.0,0,0,0,0,0,0,0,0,0,0,0,0,6
661,\N,British,0,Peter Walker,112,0.0,0.0,0,0,0,0,0,0,0,0,0,0,0,0,1
662,\N,French,0,Mike Sparken,94,0.0,0.0,0,0,0,0,0,0,0,0,0,0,0,0,1
663,\N,British,0,Ken Wharton,108,0.1875,0.0,0,0,0,0,0,0,0,0,0,0,0,0,9
664,\N,British,0,Kenneth McAlpine,104,0.0,0.0,0,0,0,0,0,0,0,0,0,0,0,0,0
665,\N,British,0,Leslie Marr,102,0.0,0.0,0,0,0,0,0,0,0,0,0,0,0,0,0
666,\N,British,0,Tony Rolt,106,0.0,0.0,0,0,0,0,0,0,0,0,0,0,0,0,0
667,\N,American,0,John Fitch,107,0.0,0.0,0,0,0,0,0,0,0,0,0,0,0,0,1
668,\N,French,0,Jean Lucas,107,0.0,0.0,0,0,0,0,0,0,0,0,0,0,0,0,0
669,\N,Thai,0,Prince Bira,110,0.42105263157894735,0.0,0,0,0,0,0,0,0,0,0,0,0,0,9
670,\N,Argentine,0,Onofre Marimón,101,0.6783333333333333,0.0,0,0,0,0,0,0,0,0,0,0,0,0,4
671,\N,French,0,Roger Loyer,117,0.0,0.0,0,0,0,0,0,0,0,0,0,0,0,0,0
672,\N,Argentine,0,Jorge Daponte,101,0.0,0.0,0,0,0,0,0,0,0,0,0,0,0,0,0
673,\N,American,0,Mike Nazaruk,103,2.6666666666666665,0.0,2,0,0,0,0,0,0,0,0,0,0,0,2
674,\N,American,0,Larry Crockett,98,0.0,0.0,1,0,0,0,0,0,0,0,0,0,0,0,1
675,\N,American,0,Manny Ayulo,103,0.5,0.0,1,0,0,0,0,0,0,0,0,0,0,0,1
676,\N,American,0,Frank Armi,106,0.0,0.0,0,0,0,0,0,0,0,0,0,0,0,0,0
677,\N,American,0,Travis Webb,114,0.0,0.0,0,0,0,0,0,0,0,0,0,0,0,0,0
678,\N,American,0,Len Duncan,113,0.0,0.0,0,0,0,0,0,0,0,0,0,0,0,0,0
679,\N,American,0,Ernie McCoy,103,0.0,0.0,1,0,0,0,0,0,0,0,0,0,0,0,1
680,\N,American,0,Jacques Swaters,98,0.0,0.0,0,0,0,0,0,0,0,0,0,0,0,0,3
681,\N,Belgian,0,Georges Berger,106,0.0,0.0,0,0,0,0,0,0,0,0,0,0,0,0,0
682,\N,British,0,Don Beauman,96,0.0,0.0,0,0,0,0,0,0,0,0,0,0,0,0,0
683,\N,British,0,Leslie Thorne,108,0.0,0.0,0,0,0,0,0,0,0,0,0,0,0,0,0
684,\N,British,0,Bill Whitehouse,115,0.0,0.0,0,0,0,0,0,0,0,0,0,0,0,0,0
685,\N,British,0,John Riseley-Prichard,100,0.0,0.0,0,0,0,0,0,0,0,0,0,0,0,0,0
686,\N,British,0,Reg Parnell,113,1.2857142857142858,0.0,1,0,0,0,0,0,0,0,0,0,0,0,4
687,\N,British,0,Peter Whitehead,110,0.3333333333333333,0.0,0,0,0,0,0,0,0,0,0,0,0,0,5
688,\N,British,0,Eric Brandon,104,0.0,0.0,0,0,0,0,0,0,0,0,0,0,0,0,2
689,\N,British,0,Alan Brown,105,0.2222222222222222,0.0,0,0,0,0,0,0,0,0,0,0,0,0,3
690,\N,British,0,Rodney Nuckey,95,0.0,0.0,0,0,0,0,0,0,0,0,0,0,0,0,0
691,\N,German,0,Hermann Lang,115,1.0,0.0,0,0,0,0,0,0,0,0,0,0,0,0,1
692,\N,German,0,Theo Helfrich,111,0.0,0.0,0,0,0,0,0,0,0,0,0,0,0,0,0
693,\N,American,0,Fred Wacker,106,0.0,0.0,0,0,0,0,0,0,0,0,0,0,0,0,2
694,\N,Italian,0,Giovanni de Riu,99,0.0,0.0,0,0,0,0,0,0,0,0,0,0,0,0,0
695,\N,Argentine,0,Oscar Gálvez,111,2.0,0.0,0,0,0,0,0,0,0,0,0,0,0,0,1
696,\N,British,0,John Barber,95,0.0,0.0,0,0,0,0,0,0,0,0,0,0,0,0,1
697,\N,Italian,0,Felice Bonetto,121,1.0294117647058822,0.0,1,0,0,0,0,0,0,0,0,0,0,0,10
698,\N,Argentine,0,Adolfo Cruz,101,0.0,0.0,0,0,0,0,0,0,0,0,0,0,0,0,0
699,\N,American,0,Duke Nalon,111,0.0,0.0,0,0,0,0,0,0,0,0,0,0,0,0,1
700,\N,American,0,Carl Scarborough,110,0.0,0.0,0,0,0,0,0,0,0,0,0,0,0,0,0
701,\N,American,0,Bill Holland,117,3.0,0.0,0,0,0,0,0,0,0,0,0,0,0,0,1
702,\N,American,0,Bob Scott,96,0.0,0.0,0,0,0,0,0,0,0,0,0,0,0,0,0
703,\N,Belgian,0,Arthur Legat,126,0.0,0.0,0,0,0,0,0,0,0,0,0,0,0,0,0
704,\N,French,0,Yves Cabantous,120,0.38461538461538464,0.0,0,0,0,0,0,0,0,0,0,0,0,0,6
705,\N,British,0,Tony Crook,104,0.0,0.0,0,0,0,0,0,0,0,0,0,0,0,0,0
706,\N,British,0,Jimmy Stewart,93,0.0,0.0,0,0,0,0,0,0,0,0,0,0,0,0,0
707,\N,British,0,Ian Stewart,95,0.0,0.0,0,0,0,0,0,0,0,0,0,0,0,0,0
708,\N,British,0,Duncan Hamilton,104,0.0,0.0,0,0,0,0,0,0,0,0,0,0,0,0,1
709,\N,East German,0,Ernst Klodwig,121,0.0,0.0,0,0,0,0,0,0,0,0,0,0,0,0,0
710,\N,East German,0,Rudolf Krause,117,0.0,0.0,0,0,0,0,0,0,0,0,0,0,0,0,0
711,\N,German,0,Oswald Karch,107,0.0,0.0,0,0,0,0,0,0,0,0,0,0,0,0,0
712,\N,German,0,Willi Heeks,102,0.0,0.0,0,0,0,0,0,0,0,0,0,0,0,0,0
713,\N,East German,0,Theo Fitzau,101,0.0,0.0,0,0,0,0,0,0,0,0,0,0,0,0,0
714,\N,German,0,Kurt Adolff,103,0.0,0.0,0,0,0,0,0,0,0,0,0,0,0,0,0
715,\N,German,0,Günther Bechem,103,0.0,0.0,0,0,0,0,0,0,0,0,0,0,0,0,0
716,\N,German,0,Erwin Bauer,112,0.0,0.0,0,0,0,0,0,0,0,0,0,0,0,0,0
717,\N,German,0,Hans von Stuck,124,0.0,0.0,0,0,0,0,0,0,0,0,0,0,0,0,0
718,\N,German,0,Ernst Loof,117,0.0,0.0,0,0,0,0,0,0,0,0,0,0,0,0,0
719,\N,Swiss,0,Albert Scherrer,116,0.0,0.0,0,0,0,0,0,0,0,0,0,0,0,0,1
720,\N,Swiss,0,Max de Terra,106,0.0,0.0,0,0,0,0,0,0,0,0,0,0,0,0,1
721,\N,Swiss,0,Peter Hirt,114,0.0,0.0,0,0,0,0,0,0,0,0,0,0,0,0,1
722,\N,Italian,0,Piero Carini,103,0.0,0.0,0,0,0,0,0,0,0,0,0,0,0,0,0
723,\N,Swiss,0,Rudi Fischer,112,1.4285714285714286,0.0,2,0,0,0,0,0,0,0,0,0,0,0,3
724,\N,German,0,Toni Ulmen,118,0.0,0.0,0,0,0,0,0,0,0,0,0,0,0,0,1
725,\N,British,0,George Abecassis,111,0.0,0.0,0,0,0,0,0,0,0,0,0,0,0,0,0
726,\N,American,0,George Connor,118,0.0,0.0,1,0,0,0,0,0,0,0,0,0,0,0,2
727,\N,American,0,Jim Rigsby,101,0.0,0.0,1,0,0,0,0,0,0,0,0,0,0,0,0
728,\N,American,0,Joe James,99,0.0,0.0,1,0,0,0,0,0,0,0,0,0,0,0,0
729,\N,American,0,Bill Schindler,115,0.0,0.0,1,0,0,0,0,0,0,0,0,0,0,0,0
730,\N,American,0,George Fonder,107,0.0,0.0,0,0,0,0,0,0,0,0,0,0,0,0,0
731,\N,American,0,Henry Banks,111,0.0,0.0,1,0,0,0,0,0,0,0,0,0,0,0,1
732,\N,American,0,Johnny McDowell,109,0.0,0.0,0,0,0,0,0,0,0,0,0,0,0,0,0
733,\N,American,0,Chet Miller,122,0.0,0.0,0,0,0,0,0,0,0,0,0,0,0,0,0
734,\N,American,0,Bobby Ball,99,1.0,0.0,1,0,0,0,0,0,0,0,0,0,0,0,1
735,\N,Belgian,0,Charles de Tornaco,97,0.0,0.0,0,0,0,0,0,0,0,0,0,0,0,0,1
736,\N,Belgian,0,Roger Laurent,111,0.0,0.0,0,0,0,0,0,0,0,0,0,0,0,0,1
737,\N,American,0,Robert O'Brien,116,0.0,0.0,0,0,0,0,0,0,0,0,0,0,0,0,0
738,\N,Australian,0,Tony Gaze,104,0.0,0.0,0,0,0,0,0,0,0,0,0,0,0,0,0
739,\N,British,0,Robin Montgomerie-Charrington,109,0.0,0.0,0,0,0,0,0,0,0,0,0,0,0,0,0
740,\N,Italian,0,Franco Comotti,118,0.0,0.0,0,0,0,0,0,0,0,0,0,0,0,0,0
741,\N,French,0,Philippe Étancelin,128,0.25,0.0,0,0,0,0,0,0,0,0,0,0,0,0,7
742,\N,British,0,Dennis Poore,108,1.5,0.0,0,0,0,0,0,0,0,0,0,0,0,0,1
743,\N,British,0,Eric Thompson,105,2.0,0.0,0,0,0,0,0,0,0,0,0,0,0,0,1
744,\N,British,0,Ken Downing,107,0.0,0.0,0,0,0,0,0,0,0,0,0,0,0,0,1
745,\N,British,0,Graham Whitehead,102,0.0,0.0,0,0,0,0,0,0,0,0,0,0,0,0,0
746,\N,Brazilian,0,Gino Bianco,108,0.0,0.0,0,0,0,0,0,0,0,0,0,0,0,0,0
747,\N,British,0,David Murray,115,0.0,0.0,0,0,0,0,0,0,0,0,0,0,0,0,1
748,\N,Uruguayan,0,Eitel Cantoni,118,0.0,0.0,0,0,0,0,0,0,0,0,0,0,0,0,0
749,\N,British,0,Bill Aston,124,0.0,0.0,0,0,0,0,0,0,0,0,0,0,0,0,0
750,\N,German,0,Adolf Brudes,125,0.0,0.0,0,0,0,0,0,0,0,0,0,0,0,0,0
751,\N,German,0,Fritz Riess,102,0.0,0.0,0,0,0,0,0,0,0,0,0,0,0,0,1
752,\N,German,0,Helmut Niedermayr,109,0.0,0.0,0,0,0,0,0,0,0,0,0,0,0,0,1
753,\N,German,0,Hans Klenk,105,0.0,0.0,0,0,0,0,0,0,0,0,0,0,0,0,0
754,\N,French,0,Marcel Balsa,115,0.0,0.0,0,0,0,0,0,0,0,0,0,0,0,0,0
755,\N,Swiss,0,Rudolf Schoeller,122,0.0,0.0,0,0,0,0,0,0,0,0,0,0,0,0,0
756,\N,German,0,Paul Pietsch,113,0.0,0.0,0,0,0,0,0,0,0,0,0,0,0,0,0
757,\N,German,0,Josef Peters,110,0.0,0.0,0,0,0,0,0,0,0,0,0,0,0,0,0
758,\N,Dutch,0,Dries van der Lof,105,0.0,0.0,0,0,0,0,0,0,0,0,0,0,0,0,0
759,\N,Dutch,0,Jan Flinterman,105,0.0,0.0,0,0,0,0,0,0,0,0,0,0,0,0,1
760,\N,Italian,0,Piero Dusio,125,0.0,0.0,0,0,0,0,0,0,0,0,0,0,0,0,0
761,\N,Argentine,0,Alberto Crespo,104,0.0,0.0,0,0,0,0,0,0,0,0,0,0,0,0,0
762,\N,Italian,0,Franco Rol,116,0.0,0.0,0,0,0,0,0,0,0,0,0,0,0,0,1
763,\N,Italian,0,Consalvo Sanesi,113,0.6,0.0,0,0,0,0,0,0,0,0,0,0,0,0,3
764,\N,French,0,Guy Mairesse,114,0.0,0.0,0,0,0,0,0,0,0,0,0,0,0,0,1
765,\N,French,0,Henri Louveau,114,0.0,0.0,0,0,0,0,0,0,0,0,0,0,0,0,0
766,\N,American,0,Lee Wallard,114,4.5,0.0,1,0,0,0,0,0,0,0,0,0,19,1,2
767,\N,American,0,Carl Forberg,113,0.0,0.0,0,0,0,0,0,0,0,0,0,0,0,0,1
768,\N,American,0,Mauri Rose,118,2.0,0.0,0,0,0,0,0,0,0,0,0,0,0,0,1
769,\N,American,0,Bill Mackey,97,0.0,0.0,0,0,0,0,0,0,0,0,0,0,0,0,0
770,\N,American,0,Cecil Green,105,1.5,0.0,0,0,0,0,0,0,0,0,0,0,0,0,1
771,\N,American,0,Walt Brown,113,0.0,0.0,0,0,0,0,0,0,0,0,0,0,0,0,0
772,\N,American,0,Mack Hellings,109,0.0,0.0,0,0,0,0,0,0,0,0,0,0,0,0,0
773,\N,French,0,Pierre Levegh,119,0.0,0.0,0,0,0,0,0,0,0,0,0,0,0,0,4
774,\N,French,0,Eugène Chaboud,117,0.3333333333333333,0.0,0,0,0,0,0,0,0,0,0,0,0,0,2
775,\N,French,0,Aldo Gordini,103,0.0,0.0,0,0,0,0,0,0,0,0,0,0,0,0,0
776,\N,Irish,0,Joe Kelly,111,0.0,0.0,0,0,0,0,0,0,0,0,0,0,0,0,0
777,\N,British,0,Philip Fotheringham-Parker,117,0.0,0.0,0,0,0,0,0,0,0,0,0,0,0,0,0
778,\N,British,0,Brian Shawe Taylor,109,0.0,0.0,0,0,0,0,0,0,0,0,0,0,0,0,2
779,\N,British,0,John James,110,0.0,0.0,0,0,0,0,0,0,0,0,0,0,0,0,0
780,\N,Swiss,0,Toni Branca,108,0.0,0.0,0,0,0,0,0,0,0,0,0,0,0,0,1
781,\N,British,0,Ken Richardson,113,0.0,0.0,0,0,0,0,0,0,0,0,0,0,0,0,0
782,\N,Spanish,0,Juan Jover,121,0.0,0.0,0,0,0,0,0,0,0,0,0,0,0,0,0
783,\N,French,0,Georges Grignard,119,0.0,0.0,0,0,0,0,0,0,0,0,0,0,0,0,0
784,\N,British,0,David Hampshire,107,0.0,0.0,0,0,0,0,0,0,0,0,0,0,0,0,1
785,\N,British,0,Geoff Crossley,103,0.0,0.0,0,0,0,0,0,0,0,0,0,0,0,0,1
786,\N,Italian,0,Luigi Fagioli,126,4.0,0.0,6,0,0,0,0,0,0,0,0,0,55,1,6
787,\N,British,0,Cuth Harrison,118,0.0,0.0,0,0,0,0,0,0,0,0,0,0,0,0,2
788,\N,British,0,Joe Fry,109,0.0,0.0,0,0,0,0,0,0,0,0,0,0,0,0,1
789,\N,French,0,Eugène Martin,109,0.0,0.0,0,0,0,0,0,0,0,0,0,0,0,0,0
790,\N,British,0,Leslie Johnson,112,0.0,0.0,0,0,0,0,0,0,0,0,0,0,0,0,0
791,\N,Italian,0,Clemente Biondetti,126,0.0,0.0,0,0,0,0,0,0,0,0,0,0,0,0,0
792,\N,Argentine,0,Alfredo Pián,112,0.0,0.0,0,0,0,0,0,0,0,0,0,0,0,0,0
793,\N,French,0,Raymond Sommer,118,0.6,0.0,0,0,0,0,0,0,0,0,0,0,0,0,2
794,\N,American,0,Joie Chitwood,112,1.0,0.0,0,0,0,0,0,0,0,0,0,0,0,0,1
795,\N,American,0,Myron Fohr,112,0.0,0.0,0,0,0,0,0,0,0,0,0,0,0,0,0
796,\N,American,0,Walt Ader,111,0.0,0.0,0,0,0,0,0,0,0,0,0,0,0,0,0
797,\N,American,0,Jackie Holmes,104,0.0,0.0,0,0,0,0,0,0,0,0,0,0,0,0,0
798,\N,American,0,Bayliss Levrett,110,0.0,0.0,0,0,0,0,0,0,0,0,0,0,0,0,0
799,\N,American,0,Jimmy Jackson,114,0.0,0.0,0,0,0,0,0,0,0,0,0,0,0,0,0
800,\N,Italian,0,Nello Pagani,113,0.0,0.0,0,0,0,0,0,0,0,0,0,0,0,0,1
801,\N,French,0,Charles Pozzi,115,0.0,0.0,0,0,0,0,0,0,0,0,0,0,0,0,1
802,\N,Italian,0,Dorino Serafini,115,3.0,0.0,1,0,0,0,0,0,0,0,0,0,0,0,1
803,\N,American,0,Bill Cantrell,116,0.0,0.0,0,0,0,0,0,0,0,0,0,0,0,0,0
804,\N,American,0,Johnny Mantz,106,0.0,0.0,0,0,0,0,0,0,0,0,0,0,0,0,0
805,\N,American,0,Danny Kladis,107,0.0,0.0,0,0,0,0,0,0,0,0,0,0,0,0,0
806,\N,Uruguayan,0,Óscar González,101,0.0,0.0,0,0,0,0,0,0,0,0,0,0,0,0,1
807,27,German,1,Nico Hülkenberg,37,2.688775510204082,186.2236887755102,51,6,12,6,8,7,2,0,2,5,0,0,98
808,\N,Russian,0,Vitaly Petrov,40,1.103448275862069,185.86437931034482,16,0,0,0,0,0,0,0,0,0,0,0,13
810,\N,Brazilian,0,Lucas di Grassi,40,0.0,180.41268421052632,0,0,0,0,0,0,0,0,0,0,0,0,0
811,\N,Brazilian,0,Bruno Senna,41,0.717391304347826,184.80826086956523,15,0,0,0,0,0,0,0,0,0,0,0,11
812,\N,Indian,0,Karun Chandhok,40,0.0,171.53345454545456,0,0,0,0,0,0,0,0,0,0,0,0,0
813,13,Venezuelan,0,Pastor Maldonado,39,0.7916666666666666,176.7980208333333,25,7,0,0,0,0,0,0,0,0,4,1,14
814,\N,British,0,Paul di Resta,38,2.0508474576271185,189.76403389830512,34,0,0,0,0,0,0,0,0,0,0,0,26
815,11,Mexican,1,Sergio Pérez,34,5.465863453815261,197.46545381526104,38,8,14,10,11,8,10,17,19,11,73,6,162
816,\N,Belgian,0,Jérôme d'Ambrosio,39,0.0,181.72215,1,0,0,0,0,0,0,0,0,0,0,0,0
817,3,Australian,1,Daniel Ricciardo,35,5.585470085470085,199.74494871794872,38,8,20,14,13,8,12,13,14,1,2,8,131
818,25,French,0,Jean-Éric Vergne,34,0.8793103448275862,196.4842068965517,28,0,0,0,0,0,0,0,0,0,0,0,14
819,\N,French,0,Charles Pic,34,0.0,193.95164102564098,4,0,0,0,0,0,0,0,0,0,0,0,0
820,4,British,0,Max Chilton,33,0.0,188.06659999999997,4,0,0,0,0,0,0,0,0,0,0,0,0
821,21,Mexican,0,Esteban Gutiérrez,33,0.1016949152542373,196.3511186440678,11,0,2,0,0,0,0,0,0,0,0,0,1
822,77,Finnish,1,Valtteri Bottas,35,8.370892018779342,202.3000469483568,27,13,12,19,18,18,15,17,11,6,70,10,143
823,\N,Dutch,0,Giedo van der Garde,39,0.0,173.0282631578947,3,0,0,0,0,0,0,0,0,0,0,0,0
824,17,French,0,Jules Bianchi,35,0.058823529411764705,181.57094117647057,3,0,0,0,0,0,0,0,0,0,0,0,1
825,20,Danish,1,Kevin Magnussen,32,1.1753246753246753,197.35303896103895,12,0,3,4,9,6,3,0,9,4,0,0,43
826,26,Russian,0,Daniil Kvyat,30,1.8035714285714286,196.82804464285712,6,8,5,1,0,8,8,0,0,0,0,0,44
827,45,German,0,André Lotterer,43,0.0,0.0,0,0,0,0,0,0,0,0,0,0,0,0,0
828,9,Swedish,0,Marcus Ericsson,34,0.18556701030927836,194.96967010309282,1,5,0,2,4,0,0,0,0,0,0,0,11
829,28,British,0,Will Stevens,33,0.0,159.52984210526316,0,0,0,0,0,0,0,0,0,0,0,0,0
830,33,Dutch,1,Max Verstappen,27,13.002857142857144,197.73368571428574,0,8,18,12,17,19,12,19,20,12,70,45,139
831,12,Brazilian,0,Felipe Nasr,32,0.725,185.26275,0,8,1,0,0,0,0,0,0,0,0,0,7
832,55,Spanish,1,Carlos Sainz,30,4.8028571428571425,190.4988514285714,0,5,8,6,9,10,10,19,16,11,9,1,111
833,98,Spanish,0,Roberto Merhi,33,0.0,191.604,0,0,0,0,0,0,0,0,0,0,0,0,0
834,53,American,0,Alexander Rossi,33,0.0,185.44400000000002,0,1,0,0,0,0,0,0,0,0,0,0,0
835,30,British,0,Jolyon Palmer,33,0.24324324324324326,181.59591891891893,0,0,3,3,0,0,0,0,0,0,0,0,2
836,94,German,0,Pascal Wehrlein,30,0.15384615384615385,180.6628205128205,0,0,1,1,0,0,0,0,0,0,0,0,3
837,88,Indonesian,0,Rio Haryanto,31,0.0,178.35308333333333,0,0,0,0,0,0,0,0,0,0,0,0,0
838,2,Belgian,0,Stoffel Vandoorne,32,0.6190476190476191,195.5731904761905,0,0,0,3,5,0,0,0,0,0,0,0,8
839,31,French,1,Esteban Ocon,28,3.203252032520325,193.9286504065041,0,0,1,11,8,0,9,9,17,7,11,1,74
840,18,Canadian,1,Lance Stroll,26,1.7537313432835822,199.72737313432833,0,0,0,4,4,6,10,10,13,9,0,0,50
841,99,Italian,0,Antonio Giovinazzi,31,0.3387096774193548,202.5473225806452,0,0,0,0,0,6,6,4,0,0,0,0,9
843,28,New Zealander,0,Brendon Hartley,35,0.16,186.79355999999999,0,0,0,0,2,0,0,0,0,0,0,0,3
844,16,Monegasque,1,Charles Leclerc,27,8.165217391304347,198.1546347826087,0,0,0,0,7,17,10,16,19,10,1,5,84
845,35,Russian,0,Sergey Sirotkin,29,0.047619047619047616,195.89414285714287,0,0,0,0,2,0,0,0,0,0,0,0,1
846,4,British,1,Lando Norris,25,5.191489361702128,206.72284042553196,0,0,0,0,0,8,12,15,18,9,0,0,68
847,63,British,1,George Russell,26,3.9680851063829787,205.2862872340425,0,0,0,0,0,2,4,4,20,10,18,1,35
848,23,Thai,1,Alexander Albon,28,2.9859154929577465,203.90481690140845,0,0,0,0,0,14,13,0,9,7,0,0,31
849,6,Canadian,0,Nicholas Latifi,29,0.14754098360655737,200.44414754098358,0,0,0,0,0,0,6,5,7,0,0,0,3
850,51,Brazilian,0,Pietro Fittipaldi,28,0.0,208.74,0,0,0,0,0,0,1,0,0,0,0,0,0
851,89,British,0,Jack Aitken,29,0.0,222.24,0,0,0,0,0,0,1,0,0,0,0,0,0
852,22,Japanese,1,Yuki Tsunoda,24,0.8392857142857143,192.78207142857144,0,0,0,0,0,0,0,7,8,9,0,0,14
853,9,Russian,0,Nikita Mazepin,25,0.0,170.41772727272726,0,0,0,0,0,0,0,2,0,0,0,0,0
854,47,German,0,Mick Schumacher,25,0.2727272727272727,192.69897727272726,0,0,0,0,0,0,0,3,9,0,0,0,2
855,24,Chinese,1,Guanyu Zhou,25,0.29411764705882354,200.2770882352941,0,0,0,0,0,0,0,0,10,6,0,0,5
856,21,Dutch,0,Nyck de Vries,29,0.18181818181818182,213.47581818181817,0,0,0,0,0,0,0,0,1,3,0,0,1
857,81,Australian,1,Oscar Piastri,23,2.25,191.544,0,0,0,0,0,0,0,0,0,6,0,0,4
858,2,American,1,Logan Sargeant,24,0.0,210.33533333333332,0,0,0,0,0,0,0,0,0,4,0,0,0
